headword,pronunciation
ea,k ɛ
ᄀᆞᆮ,k a t
ᄀᆞᆷ다,k a m d a
ᄀᆞᆸ다,k a p d a
ᄀᆞ티,k ɒ t i
ᄂᆞᄅᆞ샤,n a r ɨ s j a
ᄂᆞᆫ호다,n a n h o d a
ᄃᆞ래,t a r a j
ᄇᆞ얌,p a j a m
ᄇᆡ얌,p ɒ j j a m
ᄉᆞᆰ,s a k
ᄎᆞᆷ새,cʰ a m s a j
ᄎᆞ다,cʰ a d a
ᄐᆞ다,tʰ a d a
ᄑᆞᆯ,pʰ ɒ l
ᄑᆞᆯ다,pʰ ɒ l d a
ᄑᆞ리,pʰ ɒː r i
ᄒᆞᆫ,h ɒ n
ᄒᆞᆫᄢᅴ,h ɒ n p k ɨ j
ᄒᆞᆫ글,h a n k ɨ l
ᄒᆞᆷᄢᅴ,h ɒ m p k ɨ j
ᄒᆞ다,h ɒ d a
ᄒᆡ,h ɒ j
ᄠᅥᆯ다,p t ə l d a
ᄢᅴ,p k ɨ j
ᄩᅥ디다,p tʰ ə d i d a
ᄩᆞ다,p tʰ ɒ d a
ᄭᆡ다,k ɒ j d a
ᄯᅥᆯ다,t ə l d a
ㄴ들,n d ɨ l
ㅂᆞ보,p ɒ p o
ㅅᆞ면발이,s ɒ m j əː n b a l i
ㅇ,ŋ
ㆉ,j ø j o j
ㆌ,ɥ i j y j u j
ㆍ,ə
가가,k aː g a
가가,k a g a
가가린,k a g a r i n
가가문전,k a g a m u n ɟ ə n
가가붓자식,k a g a b u t ɟ a s i k
가가성자,k a g a s ə ŋ ɟ a
가각ᄒᆞ다,k a g a k h ɒ d a
가간,k a g a n
가간사,k a g a n s a
가감되다,k a g a m d ø d a
가감례,k a g a m n j e
가감변,k a g a m b j ə n
가감부득,k a g a m b u d ɨ k
가감산,k a g a m s a n
가감소거법,k a g a m s o g ə b ə p
가감순서,k a g a m s u n s ə
가감은휘,k a g a m ɨ n h w i
가감저항기,k a g a m ɟ ə h a ŋ g i
가감죄례,k a g a m ɟ ø r j e
가감축전기,k a g a m cʰ u k ɟ ə n g i
가감판,k a g a m pʰ a n
가감형,k a g a m h j ə ŋ
가갑다,k a g a p d a
가강,k a g a ŋ
가개비,k a g ɛ b i
가갸시절,k a g j a s i ɟ ə l
가갸표,k a g j a pʰ j o
가격격차,k a g j ə k k j ə k cʰ a
가격격차금,k a g j ə k k j ə k cʰ a g ɨ m
가격경기,k a g j ə k k j ə ŋ g i
가격경쟁,k a g j ə k k j ə ŋ ɟ ɛ ŋ
가격공간,k a g j ə k k o ŋ g a n
가격균형,k a g j ə k k j u n h j ə ŋ
가격기구,k a g j ə k k i g u
가격기준,k a g j ə k k i ɟ u n
가격대성능비,k a g j ə k d ɛ s ə ŋ n ɨ ŋ b i
가격변동충당금,k a g j ə k b j ə n d o ŋ cʰ u ŋ d a ŋ g ɨ m
가격분석,k a g j ə k b u n s ə k
가격분할,k a g j ə k b u n h a l
가격비,k a g j ə k b i
가격선도제,k a g j ə k s ə n d o ɟ e
가격수준,k a g j ə k s u ɟ u n
가격역지정주문,k a g j ə k j ə k ɟ i ɟ ə ŋ ɟ u m u n
가격연동제,k a g j ə k j ə k j ə n d o ŋ ɟ e
가격유지제도,k a g j ə k j u ɟ i ɟ e d o
가격인덱세이션,k a g j ə k i n d e k s e i s j ə n
가격자유화,k a g j ə k ɟ a j u h w a
가격정책,k a g j ə k ɟ a j u h w a
가격제정학,k a g j ə k ɟ e ɟ ə ŋ h a k
가격지수,k a g j ə k ɟ i s u
가격차금,k a g j ə k cʰ a g ɨ m
가격차등,k a g j ə k cʰ a d ɨ ŋ
가격차보급금,k a g j ə k cʰ a b o g ɨ p g ɨ m
가격차이,k a g j ə k cʰ a i
가격차익,k a g j ə k cʰ a i k
가격통제,k a g j ə k t o ŋ ɟ e
가격투쟁,k a g j ə k t u ɟ ɛ ŋ
가격편차금,k a g j ə k pʰ j ə n cʰ a g ɨ m
가격표기우편물,k a g j ə k pʰ j o g i u pʰ j ə n m u l
가격표시,k a g j ə k pʰ j o s i
가격현실화,k a g j ə k h j ə n s i l h w a
가견,k a g j ə n
가견하다,k a g j ə n h a d a
가결,k aː g j ə l
가결,k a g j ə l
가결되다,k aː g j ə l d ø d a k aː g j ə l d w e d a
가결되다,k a g j ə l d ø d a k a g j ə l d w e d a
가결하다,k aː g j ə l h a d a
가결하다,k a g j ə l h a d a
가경일,k a g j ə ŋ i l
가경전,k a g j ə ŋ ɟ ə n
가경절,k a g j ə ŋ ɟ ə l
가고시마현,k a g o s i m a h j ə n
가고한,k a g o h a n
가곡장단,k a g o k ɟ a ŋ d a n
가곡형식,k a g o k h j ə s i k
가골라비,k a g o l l a b i
가공경화,k a g o ŋ g j ə ŋ h w a
가공공정공학,k a g o ŋ g o ŋ ɟ ə ŋ g o ŋ h a k
가공도체,k a g o ŋ d o cʰ e
가공물,k a g o ŋ m u l
가공배상,k a g o ŋ b ɛ s a ŋ
가공사,k a g o ŋ s a
가공선,k a g o ŋ s ə n
가공수입,k a g o ŋ s u i p
가공수지,k a g o ŋ s u ɟ i
가공수출,k a g o ŋ s u cʰ u l
가공식품,k a g o ŋ s i k p u m
가공실,k a g o ŋ s i l
가공열처리,k a g o ŋ j ə l cʰ ə r i
가공유연세포,k a g o ŋ j u j ə n s e p o
가공유지,k a g o ŋ j u ɟ i
가공자산,k a g o ŋ ɟ a s a n
가공절목,k a g o ŋ ɟ ə l m o k
가공정원,k a g o ŋ ɟ ə ŋ w ə n
가공종이,k a g o ŋ ɟ o ŋ i
가공주,k a g o ŋ ɟ u
가공중심,k a g o ŋ ɟ u ŋ s i m
가공중심반,k a g o ŋ ɟ u ŋ s i m b a n
가공지,k a g o ŋ ɟ i
가공지선,k a g o ŋ ɟ i s ə n
가공창고,k a g o ŋ cʰ a ŋ g o
가공케이블,k a g o ŋ kʰ e i b ɨ l
가과하다,k a g w a h a d a
가곽,k a g w a k
가관,k a g w a n
가관,k aː g w a n
가관하다,k a g w a n h a d a
가광,k a g w a ŋ
가광하다,k a g w a ŋ h a d a
가괴,k a g ø
가교,k aː g j o
가교,k a g j o
가교결합,k a g j o g j ə ø h a p
가교도,k a g j o d o
가교마,k aː g j o m a
가꾸로,k a k u r o
가끔가다가,k a k ɨ m g a d a g a
가나대,k a n a t ɛ
가담항설,k a d a m h a ŋ s ə l
가독성,k aː d o k s ə ŋ
가드,k a d ɨ
가라국,k a r a g u k
가량국,k a r j a ŋ g u k
가로등,k a r o d ɨ ŋ
가루우유,k a r u u j u
가르다,k a r ɨ d a
가마,k a m a
가마,k aː m a
가명,k a m j ə ŋ
가명,k aː m j ə ŋ
가봉,k a b o ŋ
가봉,k aː b o ŋ
가산명사,g a s a n m j ə ŋ s a
가상,k a s a ŋ
가상,k aː s a ŋ
가상하다,k aː s a ŋ h a d a
가속도운동,k a s o k d o u n d o ŋ
가슴막,k a s ɨ m m a k
가승,g a s ɨ ŋ
가야국,k a j a g u k
가운데소리,k a u n d e s o r i
가운뎃소리,k a u n d e t s o r i
가위뛰기,k a w i t w i g i k a y t y g i
가위발뛰기,k a w i b a l t w i g i k a y b a l t y g i
가장,k a ɟ a ŋ
가장,k aː ɟ a ŋ
가정,k aː ɟ ə ŋ
가정,k a ɟ ə ŋ
가짜이름,k a c ˈ a i r ɨ m
각주구검,k a k c u g u g ə m
간암,k a n a m
간장,k a n ɟ a ŋ
간장,k aː n ɟ a ŋ
간지,k a n ɟ i
갈까마귀,k a l k a m a g w i
갈리시아어,k a l l i s i a ə
갈매기,k a l m ɛ g i
갈비씨,k a l b i s ˈ i
감격하다,k a m g j ə k h a d a
감금되다,k a m g ɨ m d ø d a k a m g ɨ m d w e d a
감기,k aː m g i
감당,k aː m d a ŋ
감당하다,k aː m d a ŋ h a d a
감돌다,k aː m t o l d a
감동사,k a m d o ŋ s a
감람색,k aː m n a m s ɛ k
감방,k a m b a ŋ
감사,k aː m s a
감사,k a m s a
감사합니다,k a m s a h a p n i d a
감상,k aː m s a ŋ
감상,k a m s a ŋ
감상하다,k aː m s a ŋ h a d a
감상하다,k a m s a ŋ h a d a
감시인,k a m ʃ i i n
감응,k aː m ɨ ŋ
감응하다,k aː m ɨ ŋ h a d a
감자튀김,k a m ɟ a tʰ y g i m
감장,k aː m ɟ a ŋ
감전사,k a m ɟ ə n s a
감정,k a m ɟ ə ŋ
감정,k aː m ɟ ə ŋ
감탄,k a m tʰ a n s a
감화,k a m h w a
갑,k a p
갑부,k a p p u
갑오징어,k a p o ɟ i ŋ ə
갑옷,k a b o t
갓,g a t
강꼬치고기,k a ŋ k o cʰ i g o g i
강대국,k a ŋ d ɛ g u k
강도,k a ŋ d o
강도,k aː ŋ d o
강력,k a ŋ ɲ ə
강림절,k aː ŋ n i m ɟ ə l
강산,k a ŋ s a n
강탈하다,k a ŋ tʰ a l h a d a
강퇴,k a ŋ tʰ ø k a ŋ tʰ w e
강풍,k a ŋ pʰ o ŋ
강하하다,k a ŋ h a h a d a
강화,k a ŋ w a
강화도,w a r j o n g
갖다,k a t t a
개그,k ɛ g ɨ
개년,k ɛ n j ə n
개년,k ɛː n j ə n
개놈,k ɛː n o m
개똥벌레,k ɛ p o ŋ b ə l l e
개명,k ɛ m j ə ŋ
개명하다,k ɛ m j ə ŋ h a d a
개모음,k ɛ m o ɨ m
개미먹기,k ɛː m i m ə k g i
개방되다,k ɛ b a ŋ d ø d a k ɛ b a ŋ d w e d a
개방적,k ɛ b a ŋ ɟ ə k
개별성,k ɛː b j ə l s ə ŋ
개신교,k ɛ ʃ i n g j o
개암,k ɛ a m
개양귀비,k ɛ j a ŋ g w i b i
개연성,k ɛ j ə n s ə ŋ
개인기,k ɛ i n k i
개인용,k ɛ i n j o ŋ
개인용컴퓨터,k ɛ i n j o ŋ kʰ ə m pʰ j u tʰ ə
개정하다,k ɛ ɟ ə ŋ h a d a
개조,k ɛ ɟ o
개천절,k ɛ cʰ ə n ɟ ə l
개칭,k ɛː cʰ i ŋ
개호,k ɛ h o
개화,k ɛ h w a
개황,k ɛ h w a ŋ
객,k ɛ k
객차,
갹출하다,k j a k cʰ u l h a d a
거ㅿㅟ,k ə z y
거두어들이다,k ə d u ə d ɨ l i d a
거둬들이다,k ə d w ə d ɨ l i d a
거든거든히,k ə d ɨ n g ə d ɨ n h i
거래,k ə r ɛ
거래하다,k ə r ɛ h a d a
거름,k ə r ɨ m
거만,k əː m a n
거머희뜩,k ə m ə h i t ˈ ɨ k
거스름,k ə s ɨ r ɨ m
거스름돈,k ə s ɨ r ɨ m d o n
거울,k ə u l
거위,k ə w i
거주자,k ə ɟ u ɟ a
거주하다,k ə ɟ u h a d a
거즈,k ə ɟ ɨ
거짓부렁,k əː ɟ i t p u r ə ŋ
거짓부렁이,k əː ɟ i t p u r ə ŋ i
건망,k ə n m a ŋ
건전지,k ə n c ə n ɟ i
건축가,k ə n cʰ u k k a
건축물,k ə n cʰ u ŋ m u l
걸레,k ə l r e
걸손국,k ə l s o n g u k
검독수리,k ə m d o k s u r i
검둥이,k ə m t u ŋ i
검사하다,k ə m s a h a d a
검색어,k ə m s ɛ k ə
검어지다,k ə m ə ɟ i d a
검은담비,k ə m ɨ n d a m b i
검은빛보안경,k əː m ɨ n b i t b o aː n g j ə ŋ
검전기,k ə m c əː n g i
검측,k əː m cʰ ɨ k
검측스럽다,k əː m cʰ ɨ k s ɨ r ə p t a
겁쟁이,k ə p ɟ ɛ ŋ i
겉넓이,k ə t n ə l i
게,k e
게,k eː
게민,k e m i n
게사니,k e s a n i
게시하다,k e ʃ i h a d a
게으름쟁이,k e ɨ r ɨ m ɟ ɛ ŋ i
게이,k e i
게임기,k e i m g i
겨울방학,k j ə u l p a ŋ h a k
격노,g j ə ŋ n o
격렬,k j ə ŋ ɲ ə l
격렬하다,k j ə ŋ ɲ ə l h a d a
견,k j ə n
견고하다,k j ə n g o h a d a
결,k j ə l
결근,k j ə l g ɨ n
결박,k j ə l b a k
결박되다,k j ə l b a k t ø d a
결박하다,k j ə l b a k t a d a
결빙,k j ə l b i ŋ
결합하다,k j ə l h a p h a d a
겸손하다,k j ə m s o n h a d a
겸임하다,k j ə m i m h a d a
겹다,k j ə p t a
경고표,k j ə ŋ g o pʰ j o
경고하다,k j ə ŋ g o h a d a
경기대회,k j ə ŋ k i t ɛ h ø k j ə ŋ k i t ɛ h w e
경첩,k j ə ŋ cʰ ə p
경축일,k j ə ŋ cʰ u k i l
경치,k j ə ŋ cʰ i
계단공포증,k e d a n k o ŋ pʰ a c ɨ ŋ
계단승강기,k e d a n s ɨ ŋ g a ŋ g i
계란덮밥,k j e r a n t ə p b a p
계란말이,k j e r a n m a l i
계산기계,k j e s a n g i k j e
계산기구,k j e s a n g i k u
계약자,k e j a k c a
계엄,k e ə m
계쟁,k j eː ɟ ɛ ŋ k eː ɟ ɛ ŋ
계정,k j eː ɟ ə ŋ
계피,k e pʰ i
고,k o
고ᄋᆞ다,k o ɒ d a
고고학자,k o g o h a k c a
고공살이,k o k o ŋ s a l i
고기,k o g i
고기,k oː g i
고기결,k o g i k j ə l
고깃간,k o g i t k a n
고깃결,k o g i t k j ə l
고깃깃,
고대,k o d ɛ
고대,k oː d ɛ
고대교회슬라브어,k o d ɛ g j o h w e s ɨ l l a b ɨ ə k o d ɛ g j o h œ s ɨ l l a b ɨ ə
고대프로이센어,k o d ɛ pʰ ɨ r o i s e n ə
고도리,k o d o r i
고등어,k o d ɨ ŋ ə
고렙,k o r e p
고려,c o s ə n
고려인,k o r j ə i n
고령화사회,k o r j ə ŋ h w a s a h ø k o r j ə ŋ h w a s a h w e
고무하다,k o m u h a d a
고뿔,k o p u l
고사포국,g o s a pʰ o g u k
고소공포증,k o s o k o ŋ pʰ a c ɨ ŋ
고양시,k o j a ŋ ʃ i
고연,k o j ə n
고용하다,k o j o ŋ h a d a
고위평탄면,k o w i pʰ j ə ŋ tʰ a n m j ə n
고자,k o ɟ a
고자,k oː ɟ a
고자국,g o ɟ a g u k
고자미동국,g o ɟ a m i d o ŋ g u k
고자질,k oː ɟ a ɟ i l
고전적,k o ɟ ə n ɟ ə k
고조곤히,k o ɟ o g o n h i
고차국,g o cʰ a g u k
고택,k o tʰ ɛ k
곧추치기,k o t cʰ u cʰ i g i
골갱이,k o l g ɛ ŋ i
골동반,k o l t o ŋ b a n
골드핀치,k o l d ɨ pʰ i n cʰ i
골포국,k o l pʰ o g u k
골프공,k o l pʰ ɨ g o ŋ
곱실곱실,k o p s ˈ i l g o p s ˈ i l
공,k oː ŋ
공간도형,k o ŋ g a n d o h j ə ŋ
공갈빵,k o ŋ g a l p aː ŋ
공감하다,k o ŋ g a m h a d a
공격적,k o ŋ g j ə k c ə k
공고하다,k o ŋ g o h a d a
공공부조,k o ŋ g o ŋ b u ɟ o
공공요금,k o ŋ g o ŋ j o g ɨ m
공구,k o ŋ g u
공구,k o ŋː g u
공국,k o ŋ g u k
공깃밥,k o ŋ g i t b a b
공동체,k o ŋ d o ŋ cʰ e
공상,k o ŋ s a ŋ
공손,k o ŋ s o n
공손하다,k o ŋ s o n h a d a
공습,k o ŋ s ɨ p
공유하다,k o ŋ j u h a d a
공익광고,k o ŋ i k g w a ŋ g o
공자,k oː ŋ ɟ a
공자,k o ŋ ɟ a
공작,k o ŋ ɟ a k
공작,k oː ŋ ɟ a k
공작석,k o ŋ ɟ a k s ə k
공적,k o ŋ ɟ ə k
공정하다,k o ŋ ɟ ə ŋ h a d a
공중습격,k o ŋ ɟ u ŋ k j ə k s ɨ p
공중화장실,k o ŋ ɟ u ŋ h w a ɟ a ŋ ʃ i l
공통인수,k oː ŋ tʰ o ŋ i n s u
공통하다,k oː ŋ tʰ o ŋ h a d a
공평하다,k o ŋ pʰ j ə ŋ h a d a
공포증,k o ŋ pʰ a c ɨ ŋ
공표,k o ŋ pʰ j o
공허,k o ŋ h ə
공화,k oː ŋ h w a
공휴,k o ŋ h j u
곶,k o t
과거,k w aː g ə
과거,k w a g ə
과기,k w a g i
과도음,k w a d o ɨ m
과로사,k w a r o s a
과실단물,k w a ʃ i l d a m m u l
과장하다,k w a ɟ a ŋ h a d a
관료제,k w a l l j o ɟ e
관리자,k w a l l i ɟ a
관종,k w a n ɟ o ŋ
광,k w a̠ː ŋ
광역시,k w a ŋ j ə k ʃ i
광장공포증,k w a ŋ ɟ a ŋ g o ŋ pʰ o c ɨ ŋ
괜,k w ɛ n
괭이,k w e ŋ i
괴다,k ø d a
구,k u
구각형,k u g a k h j ə ŋ
구경,k u g j ə ŋ
구경,k uː g j ə ŋ
구김,k u k i m
구렁이,k u r ə ŋ i
구려,k u r j ə
구룸,k u r u m
구베르니야,k u b e r ɨ n i j a
구부러지다,k u b u r ə ɟ i d a
구부정하다,k u b u ɟ ə ŋ h a d a
구불구불,k u b u l g u b u l
구수,k u s u
구야,k u j a
구야국,k u j a g u k
구야시,k u j a ʃ i
구자라트어,k u ɟ a r a tʰ ɨ ə
구제하다,k uː ɟ e h a d a
구제하다,k u ɟ e h a d a
구차국,g u cʰ a g u k
구하다,k u h a d a
구하다,k uː h a d a
국,k u k
국경,k u k k j ə ŋ
국경일,k u k g j ə ŋ i l
국교,k u k g j o
국립공원,k u ŋ n i p g o ŋ w ə n
국립국어원,k u ŋ n i p g u k ə w ə n
국밥,k u k p a p
국방,k u k b a ŋ
국법,k u k b ə p
국수발,k u k s u b a l
국수오리,k u k s u o r i
국숫발,k u k s u t b a l
국어학,k u k ə h a k
국장,k u k ɟ a ŋ
국제어,k u k ɟ e ə
국체,k u k cʰ e
군,k uː n
군,k u n
군필,k u n pʰ i l
굳어진말,k u t ə c i n m a l
굳은살,k u t ɨ n s a l
굳히다,k u cʰ i d a
굴라크,k u l l a kʰ ɨ
권력,k w ə l l j ə k
귀뚜라미,k w i t u r a m i
귀띔,k y t ɨ j m k y t i m
귀띔하다,k y t ɨ j m h a d a k y t i m h a d a
귀리,k w i r i
귀밥,k w i b a b
귀엣말하다,k w i e t m a l h a d a
귀혈종,k w i h j ə l c o ŋ
귓속말,k w i t s o k m a l
귓속말하다,k w i t s o k m a l h a d a
균,k j u n
그나저나,k ɨ n a ɟ ə n a
그네,k ɨ n e
그느드르순,k ɨ n ɨ d ɨ r ɨ s u n
그래프,k ɨ r ɛ pʰ ɨ
그러나저러나,k ɨ r ə n a ɟ ə r ə n a
그루지야어,k ɨ r u ɟ i j a ə
그리스인,k ɨ r i s ɨ i n
그린란드,k ɨ r i n r a n d ɨ
그림책,k ɨ r i m cʰ ɛ k
그물친구,k ɨ m u l cʰ i n g u
극단적,k ɨ k t a n ɟ ə k
극류,k ɨ ŋ n j u
극심,k ɨ k ʃ i m
극심하다,k ɨ k ʃ i m h a d a
극열,k ɨ ŋ j ə l
극열지옥,k ɨ ŋ j ə l ɟ i j o k
극한,k ɨ k h a n
근,k ɨ n
근거지,k ɨ n g ə ɟ i
근대,k ɨ n d ɛ
근대,k ɨː n d ɛ
근대소설,k ɨ n d ɛ s o s ə l
근대적,k ɨ n d ɛ ɟ ə k
근면,k ɨ n m j ə n
근면하다,k ɨ m j ə n h a d a
근사하다,k ɨː n s a h a d a
근점,k ɨː n c ə m
근지점,k ɨː n ɟ i c ə m
근호,k ɨ n h o
글리세롤,g ɨ l l i s e r i n
금관국,g ɨ m g w a n g u k
금속공학자,k ɨ m s o k g o ŋ h a k c a
금지되다,k ɨː m ɟ i d ø d a k ɨː m ɟ i d w e d a
급소,k ɨ p s o
급조어,k ɨ p c o ə
기공친,k i g o ŋ cʰ i n
기니피그,k i n i pʰ i g ɨ
기도하다,k i d o h a d a
기러기,k i r ə g i
기름종이,k i r ɨ m ɟ o ŋ i
기모노,k i m o n o
기미가요,k i m i g a y o
기반시설,k i b a n ʃ i s ə l
기병,k i b j ə ŋ
기병총,k i b j ə ŋ cʰ o ŋ
기소하다,k i s o h a d a
기씨조선,k i s i ɟ o s ə n
기어오르다,k i ə o r ɨ d a
기적,k i ɟ ə k
기침쇠,k i cʰ i m s ø k i cʰ i m s w e
기필코,k i pʰ i l kʰ o
기회비용,k i h w e b i j o ŋ k i h ø b i j o ŋ
김,k i m
김,k iː m
김초밥,k iː m cʰ o b a p
김치냉장고,k i m cʰ i n ɛː ŋ ɟ a ŋ g o
깁다,k i p d a
깊숙,k i p s u k
깊숙하다,k i p s u k h a d a
까까,k a k a
까마귀,k a m a g w i k a m a g y
까옌느,k a j e n n ɨ
까치,k a cʰ i
깔,
깡통,k a ŋ tʰ o ŋ
깨,k ɛ
깨다,k ɛː d a
깨다,k ɛ d a
깽깽이,k ɛ ŋ k ɛ ŋ i
껌둥이,k əː m t u ŋ i
꼴,k o l
꼴값,k o l k a p
꼴랑,k o l l a ŋ
꼴리다,k o l l i d a
꽃가루,k o t g a r u
꽃다발,k o t t a b a l
꽃뱀,k o t p ɛ m
꽃잎묶음표,k o t i p m u k ɨ m pʰ j o
꽃차례,k o t cʰ a r e
꾀꼬리,k ø k o r i k w e k o r i
꾀다,k ø d a k w e d a
꾸란,k u r a n
꾸러기,k u r ə g i
꾸준,k u c u
꾸짖다,k u ɟ i t d a
꿀물,k u l m u l
꿈적,k u m c ə k
꿰매다,k w e m ɛ d a
끄덕,k ɨ d ə k
끌어안다,k ɨː r ə a n t a
끝바꿈꼴,k ɨ t b a k u m k o l
끼리,k͈ i ɾ i
나다,n a d a
나라글,n a r a g ɨ l
나마,n a̠ m a̠
나모,n a m o
나무늘보,n a m u n ɨ l b o
나무새,n a m u s ɛ
나무저가락,n a m u c ə k a r a k
나비,n a b i
나유타,n a j u tʰ a
나잘하다,n a c a l h a d a
낙,n a k
난반사,n a n b aː n s a
날김치,n a l g i m cʰ i
날름쇠,n a l l ɨ m s w e n a l l ɨ m s ø
날옺,n a r o t
남가라국,n a m g a r a g u k
남동무,n a m d o ŋ m u
남성공포증,n a m s ə ŋ g o ŋ pʰ o c ɨ ŋ
남성애,n a m s ə ŋ ɛ
남성애자,n a m s ə ŋ ɛ ɟ a
남수단,n a m s u d a n
남아공,n a m a g o ŋ
남자아이,n a m ɟ a a i
남친,n a m cʰ i n
낭송,n a ŋ s o ŋ
낭송시,n a ŋ s o ŋ ʃ i
낭송하다,n a ŋ s o ŋ h a d a
낮전,n a t ɟ ə n
내객,n ɛ g ɛ k
내국인,n ɛ g u k i n
내기,n ɛ g i
내려디디기,n ɛ r j ə d i d i g i
내려받기,n ɛ r j ə p a t k i
내로라하다,n ɛ r o r a h a d a
내부기생,n ɛ b u g i s ɛ ŋ
내비게이션,n ɛ p o k e i s j ə n
내음,n ɛ ɨ m
내일모레,n ɛ i l m o r ɛ
내파음,n ɛ pʰ a ɨ m
냉,n ɛː ŋ
냉각하다,n ɛ ŋ g a k h a d a
냉담,n ɛ ŋ d a m
냉담하다,n ɛ ŋ d a m h a d a
냉동고,n ɛː ŋ d o ŋ g o
냉소,n ɛ ŋ s o
냉수,n ɛː ŋ s u
냉전,n ɛ ŋ ɟ ə n
냉정,n ɛ ŋ ɟ ə ŋ
냐,ɲ j a̠
너끈,n ə k ɨ n
너도밤나무,n ə d o b a m n a m u
넋,n ə k
널,n ə l
널뛰기,n ə lː t ˈ w i g i
넓적다리,n ə p c ə k d a r i
넘,n ə m
넘실,n ə m ʃ i l
넘실거리다,n ə m ʃ i l g ə r i d a
넘실넘실,n ə m ʃ i l n ə m ʃ i l
넙적,n ə p c ə k
넙적고무신,n ə p c ə k g o m u ʃ i n
네,n eː
네,n e
네덜란드인,n e d ə l l a n d ɨ i n
네임스페이스,n e i m s ɨ pʰ e i s ɨ
네제곱,n eː c e k o p
네트워크,n e tʰ ɨ w ə kʰ ɨ
네팔인,n e pʰ a l i n
녀동무,ɲ ə d o ŋ m u
녀동생,n j ə d o ŋ s ɛ ŋ
녀아,n j ə a
녀탕,ɲ j ə tʰ a ŋ
녘,n j ʌ̹ k̚
노계,n o g j e
노동력,n o d o ŋ n j ə k
노랭이,n o r ɛ ŋ i
노르웨이인,n o r ɨ w e i i n
노른어,n o r ɨ n ə
노른자,n o r ɨ n ɟ a
노른자위,n o ɾ ɨ n ɟ a w i
노면,n o m j ə n
노모,n o m o
노상,n o s a ŋ
노상방뇨,n o s a ŋ p a ŋ n j o
노서아,n o s ə a
노쇠,n o s ø n o s w e
노자,n o ɟ a
노장,n o ɟ a ŋ
노장,n oː ɟ a ŋ
녹나다,n o k n a d a
녹록하다,n o ŋ n o kʰ a d a
녹물,
녹슬다,n o k s ɨ l d a
녹이다,n o k i d a
논담,n o n d a m
논리적,n o l l i ɟ ə k
논리학,n o l l i h a k
논물,
논술,n o n s u l
논쟁되다,n o n ɟ ɛ ŋ d ø d a n o n ɟ ɛ ŋ d w e d a
논쟁하다,n o n ɟ ɛ ŋ h a d a
논증,n o n ɟ ɨ ŋ
놀란흙,n oː l l a n h ɨ k
농구공,n o ŋ g u g o ŋ
농담,n oː ŋ d a m
농담,n o ŋ d a m
농약,n o ŋ j a k
농축,n o ŋ cʰ u k
농학,n o ŋ h a k
뇌랗다,n w eː r a tʰ a
뇌사,n ø s a n w e s a
뇌염모기,n w e j ə m m o g i n ø j ə m m o g i
뇌종양,n ø c o ŋ j a ŋ n w e c o ŋ j a ŋ
누,n u
누구누구,n u g u n u g u
누다,n u d a
누렇다,n u r ə tʰ a
누리집,n u r i ɟ i p
누수기,n u s u g i
눈,n u n
눈,n uː n
눈꺼풀,n u n k ə pʰ u l
눈싸움,n u n s a u m
느낌씨,n ɨ k i m s i n ɨ k i m ʃ i
늘큰늘큰,n ɨ l kʰ ɨ n n ɨ l kʰ ɨ n
늘큰늘큰하다,n ɨ l kʰ ɨ n n ɨ l kʰ ɨ n h a d a
능,n ɨ ŋ
능격,n ɨ ŋ g j ə k
능동사,n ɨ ŋ d o ŋ s a
늦,n ɨ t
늦겨울,n ɨ t g j ə u l
늦봄,n ɨ t p o m
늦여름,n ɨ t j ə r ɨ m
늪,n ɨ p
니,n i
니승,n i s ɨ ŋ
니야기,n i j a g i
니제르,n i ɟ e r ɨ
니카라과,n i kʰ a r a g w a
님,n i m
다ᄅᆞ다,t a r ɒ d a
다각,t a g a k
다라국,t a r a g u k
다랗다,t a̠ ɾ a̠ tʰ a̠
다사마,t a s a m a
다운로드,t a u n r o d ɨ
다윈주의,t a w i n ɟ u ɨ j
다지,d a ɟ i
단결하다,t a n g j ə l h a d a
단계적,t a n g e ɟ ə k
단군조선,t a n g u n ɟ o s ə n
단념,t aː n ɲ ə m
단념하다,t aː n ɲ ə m h a d a
단단,t a n t a n
단무지,t a n m u ɟ i
단물,t a n m u l
단물얼음,t a n m u l ə l ɨ m
단식하다,t a n ʃ i k h a d a
단언하다,t a n ə n h a d a
단열적,t aː ɲ ə l c ə k
단일어,t a n i l ə
단정,t a n ɟ ə ŋ
단조,t a n ɟ o
단추구멍,t a n cʰ u g u m ə ŋ
달,t a l
달걀덮밥,t a l g j a l t ə p b a p
달걀말이,t a l g j a l m a l i
달다,t a l d a
달다,t aː l d a
달말루,t a l m a l l u
달말루국,t a l m a l l u g u k
닭갈비,t a k g a l b i
닭고기덮밥,t a k g o g i t ə p b a p
닭꼬치,t a k k o cʰ i
닮은비,t aː m ɨ n b i
닮음도형,t aː m ɨ m d o h j ə ŋ
담,t a m
담,t aː m
담날,t a m n a l
담량,t a m r j a ŋ
담뱃대,t aː m b ɛ t t ɛ
당,t a ŋ
당구,t a ŋ g u
당구공,t a ŋ g u g o ŋ
당선,t a ŋ s ə n
당연,t a ŋ j ə n
대,t ɛː
대,t ɛ
대간,d ɛ g a n
대괄호,t ɛ g w a l h o
대기안정지수,t ɛː g i a n ɟ ə ŋ ɟ i s u
대륙괴,t ɛ r j u k k ø
대못,t ɛ m o t
대분수,t ɛ b u n s u
대서양,t ɛ s ə j a ŋ
대웅묘,t ɛ u ŋ m j o
대인배,t ɛ i n b ɛ
대입법,t ɛ i p p ə p
대중,t ɛː ɟ u ŋ
대중,t ɛ ɟ u ŋ
대지,t ɛ ɟ i
대지,t ɛː ɟ i
대천사,t ɛ cʰ ə n s a
대충,t ɛː cʰ u ŋ
대포알,t ɛ pʰ o a l
대항하다,t ɛ h a ŋ h a d a
댄서,t ɛ n s ə
댓글,t ɛ s k ɨ l
더라,t ə r a
더불어,t ə b u l ə
더빙,t ə b i ŋ
더욱더욱,t ə u k t ə u k
더운물,t ə u n m u l
더워지다,t ə w ə ɟ i d a
더해지다,t ə h ɛ ɟ i d a
덕후,t ə k h u
던지,t ə n ɟ i
덤핑,t ə m pʰ i ŋ
덧,t ʌ t̚
덩굴,t ə n g k u l
덩굴식물,t ə n g k u l ʃ i ŋ m u l
덮밥,t ə p b a p
데이타,ˈ d e ɪ t ə
도깨비,t o k ɛ b i
도다,t o d a
도달,t o d a l
도랑,t o ɾ a̠ ŋ
도래,t o r ɛ
도레미,t o r e m i
도레미파,t o r e m i pʰ a
도로수,t o r o s u
도롱이,
도망병,t o m a ŋ b j ə ŋ
도미,t o m i
도서,t o s ə
도안,t o a n
도요새,t o j o s ɛ
도저,d o ɟ ə
도주병,t o c u b j ə ŋ
도착,t oː cʰ a k
도태,t o tʰ ɛ
도피,t o pʰ i
독가스,t o k g a s ɨ
독립적,t o ŋ n i p ɟ ə k
독살하다,t o k s a l h a d a
독성,t o k s ə ŋ
독수리,t o k s u r i
독신자,t o k s i n ɟ a
독약,t o k j a k t o g j a k
독초,t o k cʰ o
독촉하다,t o k cʰ o kʰ a d a
돈,t oː n
돈,t o n
돈독,t o n d o k
돈독,t oː n t o k
돈지랄,t oː n ɟ i r a l
돈지랄하다,t oː n ɟ i r a l h a d a
돌,t o l
돌,t oː l
돌격하다,t o l g j ə k h a d a
돌연,t o l j ə n
돕다,t oː p t a
동,t oː ŋ
동,t o ŋ
동계올림픽,t o ŋ g j e o l l i m pʰ i k
동고비,t o ŋ g o b i
동기,t o ŋ g i
동기,t oː ŋ g i
동메달,t o ŋ m e d a l
동면하다,t o ŋ m j ə n h a d a
동무,t o ŋ m u
동물공포증,t o ŋ m u l g o ŋ pʰ o c ɨ ŋ
동반하다,t o ŋ b a n h a d a
동사하다,t oː ŋ s a h a d a
동성애자,t o ŋ s ə ŋ ɛ ɟ a
동아,t oː ŋ a
동아,t o ŋ a
동안,t o ŋ a n
동안,t oː ŋ a n
동양방송,t o ŋ j a ŋ b a ŋ s o ŋ
동유럽,t o ŋ j u r ə p
동음어,t o ŋ ɨ m ə
동종요법,t o ŋ ɟ o ŋ j o p ə p
동치미,t o ŋ cʰ i m i
동해,t oː ŋ h ɛ
되,t ø t w e
되롱,t w e r o ŋ t ø r o ŋ
되롱룡,t w e r o ŋ r j o ŋ t ø r o ŋ r j o ŋ
되룡,t w e r j o ŋ t ø r j o ŋ
될성부르다,t ø l s ə ŋ b u r ɨ d a t w e l s ə ŋ b u r ɨ d a
두,t uː
두,t u
두근,t u g ɨ n
두근거리다,t u g ɨ n g ə r i d a
두꺼비,t u k ə b i
두덩,t u d ə ŋ
두루,t u r u
두리안,t u r i a n
두만강,t u m a n g a ŋ
두목,t u m o k
두발,t u b a l
두부,t u b u
두제곱,t u c e k o p
둔각,t u n g a k
둔부,t u n b u
둘레,t u l l e
뒤,t w iː t yː
뒤꾸머리,t w i k u m ə r i
뒤꿈치,t w iː k u m cʰ i
뒤지다,t y ɟ i d a t w i ɟ i d a
뒤지다,t yː ɟ i d a t w iː ɟ i d a
뒤집개,t w iː c i p k ɛ
뒷일,t øː t i l
뒷짐결박,t øː t j i m g j ə l b a k
뒷짐결박하다,t øː t j i m g j ə l b a k t a d a
드,t ɨ
드러오다,t ɨ r ə o d a
득점,t ɨ k c ə m
든지,t ɨ n ɟ i
들,t ɨː l
들,t ɨ l
들다,t ɨ l d a
들뜨다,t ɨ l t ɨ d a
들어온말,t ɨ r ə o n m a l
들온말,t ɨ r o n m a l
들추다,t ɯ̈ l ʨʰ u d a̠
등,t ɨ ŋ
등기우편,t ɨ ŋ g i u pʰ j ə n
등산화,d ɨ ŋ s a n h w a
등식,t ɨ ŋ ʃ i k
등업,t ɨ ŋ ə p
등치법,t ɨ ŋ cʰ i p ə p
등호,t ɨ ŋ h o
디스크자키,t i s ɨ kʰ ɨ ɟ a kʰ i
디스토피아,t i s ɨ tʰ o pʰ i a
디엔에이,t i e n e i
디제이,t i ɟ e i
디지털카메라,t i ɟ i tʰ ə l kʰ a m e r a
디카,t i kʰ a
딜,t i l
따뜻,t a t ɨ t
따라,t a r a
딱딱해지다,t a k t a k h ɛ ɟ i d a
땀구멍,t a m k u m ə ŋ
땀띠약,t a m t i j a k
땅빼앗기,t a ŋ p ɛ a t g i
땅콩과자,t a ŋ kʰ o ŋ k w a ɟ a
때리기,t ɛ r i g i
떠들썩거리다,t ə d ɨ l s ə k k ə r i d a
떠메다,t ə m e t a
떠버리,t ə b ə r i
떡꼬치,t ə k k o cʰ i
또똣하다,t o t o tʰ a d a
똥컴,t o ŋ k o
뚜렷,t u
뛰기,t ˈ w i g i
뜨리다,t ɨ r i d a
뜬소문,t ɨ n s o m u n
뜻같은말,t ɨ t k a t ɨ n m aː l
뜻비슷한말,t ɨ t b i s ɨ t tʰ a n m a l
띄워치기,t i w ə cʰ i g i t ɨ j w ə cʰ i g i
라디오텔레폰,r a d i o tʰ e l l e pʰ o n
라디오폰,r a d i o pʰ o n
라렬,r a r j ə l
라마단,r a m a d a n
라바슈,r a b a ʃ u
라벨,r a b e l
라볶이,r a p o k i
라싸,r a s a
락관,r a k g w a n
락관하다,r a k k w a n h a d a
락선,r a k s ə n
락성,r a k s ə ŋ
락후,r a k h u
래객,r ɛ g ɛ k
래퍼,r ɛ pʰ ə
랭각,r ɛ ŋ g a k
랭담,r ɛ ŋ d a m
랭소,r ɛ ŋ s o
랭정,r ɛ ŋ ɟ ə ŋ
랴오양,r j a o j a ŋ
량식,r j a ŋ ʃ i k
레게,r e g e
레모네이드,r e m o n e i t ɨ
레몬수,r e m o n s u
레아,r e a
레즈긴어,r e ɟ ɨ g i n ə
레코드판,r e kʰ o d ɨ pʰ a n
레퀴엠,r e kʰ w i e m
려인,r j ə i n
력,r j ə k
련맹,r j ə n m ɛ ŋ
련습장,r j ə n s ɨ p c a ŋ
련애,r j ə n ɛ
령롱하다,r j ə ŋ r o ŋ h a d a
령사관,r j ə ŋ s a g w a n
례모,r j e m o
로동력,r o d o ŋ n j ə k
로동자,r o d o ŋ ɟ a
로드러너,r o d ɨ r ə n ə
로라스케트,l o r a ʃ ɨ kʰ e tʰ ɨ
로면,r o m j ə n
로모,r o m o
로상,r o s a ŋ
록,r o k
론담,r o n d a m
론리학,r o l l i h a k
론술,r o n s u l
론쟁,r o n ɟ ɛ ŋ
롤러코스터,r o l l ə kʰ o s ɨ tʰ ə
뢰우,r ø u r w e u
료양,r j o j a ŋ
루마니아인,r u m a n i a i n
루블,r u b ɨ l
루비,r u b i
루수,r u s u
류랑,r j u r a ŋ
류머티즘,r j u m ə tʰ i ɟ ɨ m
류별,r j u b j ə l
류의어,r j u ɨ ə
류체,r j u cʰ e
류큐인,r j u kʰ j u i n
류트,r j u tʰ ɨ
류행병,r j u h ɛ ŋ b j ə ŋ
륙가야,r j u k g a j a
륙군,r j u k g u n
리니어모터카,r i u i ə m o tʰ ə kʰ a
리다,r i d a
리드미컬하다,r i d ɨ m i kʰ ə l h a d a
리별,r i b j ə l
리식,r i ʃ i k
리에주,r i e ɟ u
리용,r i j o ŋ
리윤,r i j u n
리점,r i c ə m
리지,r i ɟ i
리투아니아어,r i tʰ u a n i a ə
리투아니아인,r i tʰ u a n i a i n
립헌,r i p h ə n
마가리,m a g a r i
마극,m a g ɨ k
마네킹,ˈ m æ n ə ˌ k ɪ n
마노,m a n o
마르시룻카,m a r ɨ ʃ i r u t kʰ a
마을버스,m a ɨ l p ə s ɨ
마이,m a i
마이너스극,m a i n ə s ɨ k ɨ k
마찰음,m a cʰ a l ɨ m
마취학,m a cʰ w i h a k
마푸둥군어,m a pʰ u d u ŋ g u n ə
막,m a k
막고무신,m a k g o m u ʃ i n
막대기,m a k d ɛ g i
막대사탕,m a k d ɛ s a tʰ a ŋ
만,m aː n
만,m a n
만국지도,m a n k u k c i d o
만날,m aː n n a l
만다린,m a n d a r i n
만렙,t o ŋ k o
만병통치약,m a n b j ə ŋ tʰ o ŋ cʰ i j a k
만보계,m a n b o k j e
만보기,m a n b o g i
만주국,m a n ɟ u g u k
만치,
말,m a l
말,m aː l
말갛다,m a̠ː l g a̠ tʰ a̠
말굽,m a l g u p
말굽자석,m a l g u p ɟ a s ə k
말라리아,m a l l a r i a
말맛,m aː l m a t
말밑,m a l m i t
말소리,m a l s o r i
말투,m a l tʰ u
말판게임,m a l pʰ a n k e i m
맛깔,
맛내기,m a t n ɛ g i
맛세이,m a t s e i
맛집,m a c i p
망,m a ŋ
망가니즈,m a ŋ g a n i ɟ ɨ
망각증,m a ŋ k a k c ɨ ŋ
망고,m a ŋ g o
망토,m a ŋ tʰ o
맞,m a t
맞벌이,m a t p ə r i
맞이,m a t i
매,m ɛː
매,m ɛ
매개,m ɛ g ɛ
매김씨,m ɛ g i m ʃ i
매끄럽다,m ɛ k ɨ r ə p d a
매끈,m ɛ k ɨ n
매끈거리다,m ɛ k ɨ n g ə r i d a
매듭,m ɛ d ɨ p
매미,m ɛː m i
매미,m ɛ m i
매질,m ɛ ɟ i l
매트리스,m æ tʰ ɨ r i s ɨ
매해,m ɛː h ɛ
맥,m ɛ k̚
맥박,m ɛ k b a k
맥쩍다,
맨,m ɛ n
맨,m ɛː n
맨날,m ɛː n n a l
맨틀,m ɛ n tʰ ɨ l
맹,m ɛ ŋ
맹렬하다,m ɛ ŋ n j ə l h a d a
맹모삼천지교,m ɛː ŋ m o s a m cʰ ə n ɟ i g j o
맹물,m ɛ ŋ m u l
머리,m ə r i
머리뼈,m ə r i p ə
머리칼,m ə r i kʰ a l
머스켓,m ə s ɨ kʰ e t
머스터드,m ə ʃ ɨ tʰ ə t ɨ
머스터드소스,m ə ʃ ɨ tʰ ə t ɨ s o s ɨ
머큐로크롬,m ə kʰ j u r o kʰ ɨ r o m
먹거리,m ə k k ə r i
먹먹,m ə k m ə k
먹방,m ə k b a ŋ
먹을거리,m ə k ɨ l k ə r i
멋쟁이,m ə t ɟ ɛ ŋ i
메,m e
메롱,m e r o n g
메리야스,m e r i j a s ɨ
멜라지다,m e l l a ɟ i d a
멤버,m e m p ə
멧도요,m e t d o j o
며,m j ə
면,m j əː n
면,m j ə n
면도,m j əː n d o
면도하다,m j əː n d o h a d a
면모,m j ə n m o
면발,m j əː n b a l
면양,m j ə n j a ŋ
면역,m j ə n j ə k
면제,m j ə n ɟ e
면포,m j ə n pʰ o
면허증,m j ə n h ə c ɨ n g
멸망하다,m j ə l m a ŋ h a d a
멸시,m j ə l ʃ i
멸시하다,m j ə l ʃ i h a d a
명령하다,m j ə ŋ r j ə ŋ h a d a
명명,m j ə ŋ m j ə ŋ
명백히,m j ə ŋ b ɛ k h i
명성,m j ə ŋ s ə ŋ
명승,m j ə ŋ s ɨ ŋ
명왕성,m j ə ŋ w a ŋ s ə ŋ
모과,m o g w a
모두,m o d u
모두,m oː d u
모래밭,m o r ɛ b a t
모래사막,m o r ɛ s a m a k
모름지기,m o r ɨ ɟ i g i
모션,m o ʃ ə n
모임이름씨,m o i m i r ɨ m s i
모자,m o ɟ a
모자,m oː ɟ a
모자이크,m o ɟ a i kʰ ɨ
모터,m o tʰ ə
모텔,m o tʰ e l
목격자,m o k g j ə k ɟ a
목관악기,m o k g w a n a k g i
목석간장,m o k c ə k k a n ɟ a ŋ
목욕탕,m o k j o k tʰ a ŋ
목욕통,m o k j o k tʰ o ŋ
목저가락,m o k c ə k a r a k
목젓가락,m o k c ə t k a r a k
목청,
목침,m o k cʰ i m
목판활자,m o k pʰ a n h w a l c a
목활자,m o k h w a l c a
몸소름,m o m s o r ɨ m
몸짱,m o m c a ŋ
몽고점,m o ŋ g o ɟ ə m
몽골국,m o ŋ g o l g u k
몽골족,m o ŋ g o l ɟ o k
묘,m j o
묘사꾼,m j o s a k u n
묘석,m j o s ə k
묘소,m j o s o
무,m u
무,m uː
무기억증,m u g i ə k c ɨ n g
무능하다,m u n ɨ ŋ h a d a
무당개구리,m uː d a ŋ g ɛ g u r i
무량대수,m u r j a ŋ d ɛ s u
무뢰,m u r w e m u r ø
무릿매,m u r i n m ɛ
무선인터넷,m u s ə n i n tʰ ə n e t
무선전화기,m u s ə n j ə n h w a g i
무성애,m uː s ə ŋ ɛ
무성애자,m uː s ə ŋ ɛ ɟ a
무에진,m u e ɟ i n
무장하다,m u ɟ a ŋ h a d a
무지개,m u ɟ i g ɛ
무지개다리,m u ɟ i g ɛ d a r i
무지하다,m u ɟ i h a d a
무치다,m u cʰ i d a
무침,m u cʰ i m
무표정,m u pʰ j o ɟ ə ŋ
묶음표,m u k ɨ m pʰ j o
문부,m u n b u
문손잡이,m u n s o n ɟ a p i
묻다,m u t t a
묻다,m uː t t a
물개,m u l k ɛ
물결,m u l k j ə l
물고기떡,m u l g o g i t ə k
물레걸음,m u l l e g ə l ɨ m
물리학자,m u l l i h a k c a
물스키,m u l s ɨ kʰ i
물짐승,
물집,m u l c i p
물총,m u l cʰ o ŋ
물총새,m u l cʰ o ŋ s ɛ
물푸레나무,m u l pʰ u r e n a m u
물힘,m u l h i m
미국너구리,m i g u k n ə g u r i
미끄러져빼앗기,m i k ɨ r ə ɟ j ə p ɛ a t k i
미끄럼,m i k ɨ r ə m
미끄럼틀,m i k ɨ r ə m tʰ ɨ l
미나레트,m i n a r e tʰ ɨ
미련,m i r j ə n
미련,m iː r j ə n
미르,m iː r ɨ
미소,m i s o
미스코리아,m i s ɨ kʰ o r i a
미어캣,m i ə kʰ ɛ t
미완성되다,m i w a n s ə ŋ t ø d a
미완성하다,m i w a n s ə ŋ h a d a
미완하다,m i w a n h a d a
미주알고주알,m i ɟ u a l g o ɟ u a l
미친갯병,m i cʰ i n g ɛ t b j ə ŋ
미터기,m i tʰ ə g i
민,m i n
민간무역,m i n g a n m u j ə k
민감하다,m i n g a m h a d a
민국,m i n g u k
민물,
민병,m i n b j ə ŋ
민본주의,m i n b o n d͡ ʑ u ɯ i
민소매,m i n s o m ɛ
민스크,m i n s ɨ kʰ ɨ
민의,m i n ɨ j
민주콩고,m i n ɟ u kʰ o ŋ g o
믿,m i t
밑줄,m i t c u l
바나나색,p a n a n a s ɛ k
바느질하다,p a n ɨ ɟ i l h a d a
바닐라,p a n i l l a
바다물,p a d a m u l
바다쌓임층,p a d a s a h i m cʰ ɨ ŋ
바닷모래,p a d a t m o r ɛ
바닷물고기,p a d a t m u l k o g i
바리,p a r i
바리스타,p a r i s ɨ tʰ a
바삭과자,p a s a g k w a ɟ a
바지선,p a ɟ i s ə n
바지허리춤,p a ɟ i h ə r i cʰ u m
바퀴벌레,p a k w i b ə l l e
바틱,p a tʰ i k
박,p a k
박소,p a k s o
박소하다,p a k s o h a d a
박이,p a̠ g i
박트리아,p a k tʰ ɨ r i a
밖에,p a k
반감기,p a n g a m g i
반공,p aː n g o ŋ
반공,p a n g o ŋ
반공산주의,p aː n g o ŋ s a n ɟ u ɨ j p aː n g o ŋ s a n ɟ u i
반구,p aː n g u
반구,p a n g u
반달괄호,p aː n d a l g w a l h o
반달묶음표,p aː n d a l m u k ɨ m pʰ j o
반도,p aː n d o
반도,p a n d o
반디,p a n d i
반디불,p a n d i p u l
반디불고기,p a n d i p u l k o g i
반딧불게르치,p a n d i t p u l k e r ɨ cʰ i
반론하다,p a l l o n h a d a
반사하다,p a n s a h a d a
반선,p a n s ə n
반원,p a n w ə n
반음,p a n ɨ m
반음계,p a n ɨ m g e
반절본문,p a n ɟ ə l pʰ o m u n
반주악기,p a n ɟ u a k g i
반짇고리,p a n ɟ i t k o r i
반탁음,p a n tʰ a k ɨ m
반파국,p a n pʰ a g u k
반포대교,p a n pʰ o d ɛ g j o
발,p a l
발,p aː l
발라드,p a l l a d ɨ
발버둥,p a l b ə d u ŋ
발카르인,p a l kʰ a r ɨ i n
발컨,p a l kʰ ə n
밞아달리기,p a m a t a l l i g i
밤,p a m
밤,p aː m
밤공포증,p a m k o ŋ pʰ a c ɨ ŋ
밤동물,p a m d oː ŋ m u l
밤살이동물,p a m s a l i d oː ŋ m u l
밥값,p a p k a p
밥판,p a p pʰ a n
방기,p a ŋ g i
방기,p aː ŋ g i
방문,p a ŋ m u n
방문,p aː ŋ m u n
방문자,p a ŋ m u n ɟ a
방앗간,p a ŋ a t k a n
방화복,p a ŋ h w a b o k
밭주인,
배구공,p ɛ g u g o ŋ
배움나들이,p ɛ u m n a d ɨ l i
배은망덕하다,p ɛː ɨ n m a ŋ d ə k kʰ a d a
배춧국,p ɛ cʰ u t k u k
백골난망,p ɛ k k o l n a n m a ŋ
백년하청,p ɛ ŋ ɲ ə n h a cʰ ə ŋ
백두산,p ɛ k t u s a n
백두산호랑이,p ɛ k t u s a n h o r a ŋ i
백만장자,p ɛ ŋ m a n ɟ a ŋ ɟ a
백반,p ɛ k b a n
백분비,p ɛ k b u n b i
백분율,p ɛ k b u n j u l
백설탕,p ɛ k s ə l tʰ a ŋ
백악,p ɛ k a k
백악기,p ɛ k a k g i
백영사,p ɛ ŋ n j ə ŋ s a
백중지간,p ɛ k c u ŋ ɟ i g a n
백중지세,p ɛ k c u ŋ ɟ i s e
백째,p ɛ k c ɛ
백포도주,p ɛ k pʰ o d o ɟ u
백혈병,p ɛ k h j ə l b j ə ŋ
밴대,p ɛ n d ɛ
뱀파이어,p ɛ m pʰ a i ə
뱃머리,p ɛ t m ə r i
버겁다,p ə g ə p t a
버그,p ə g ɨ
버드나무,p ə d ɨ n a m u
버들,p ə d ɨ l
버마,p ə m a
버뮤다,p ə m j u d a
버석거리다,p ə s ə k g ə r i d a
버선,p ə s ə n
버섯구름,p ə s ə t k u r ɨ m
번분수,p ə n b u n s u
번역가,p ə n j ə k g a
번역하다,p ə n j ə k kʰ a d a
번영,p ə n j ə ŋ
번영하다,p ə n j ə ŋ h a d a
벌,p ə l
벌,p əː l
벌거숭이,p ə l g ə s u ŋ i
벌물,
벌새,p ə l s ɛ
벌주다,p ə l ɟ u d a
벌침,p əː l cʰ i m
범,p ə m
범성애,p əː m s ə ŋ ɛ
범성애자,p əː m s ə ŋ ɛ ɟ a
법하다,p ə p h a d a
베,p e
베네수엘라,p e n e s u e l l a
베란다,p e r a n d a
베르스타,p e r ɨ s ɨ tʰ a
벨기에인,p e l g i e i n
벨라루스어,p e l l a r u s ɨ ə
벨파스트,p e l pʰ a s ɨ tʰ ɨ
벼개,p j ə g ɛ
벼룩,p j ə r u k
벽걸이,p j ə k k ə l i
벽게전화기,p j ə k k e c ə n h w a g i
벽옥,p j ə k o k
벽전화기,p j ə k c ə n h w a g i
변,p j ə n
변기,p j ə n g i
변론하다,p j ə l l o n h a d a
변명,p j ə n m j ə ŋ
변상,p j ə n s a ŋ
변성암,p j ə n s ə ŋ a m
변신술,p j ə n ʃ i n s u l
변심하다,p j ŏ nː s i m h a d a
변온,p j ə n oː n
변온동물,p j ə n o n d o ŋ m u l
변이음,p j ə n i ɨ m
변주,p j ə n ɟ u
변주곡,p j ə n ɟ u g o k
변증법,p j ə n ɟ ɨ ŋ b ə p
변천사,p j ə n cʰ ə n s a
변태,p j ə n tʰ ɛ
변혁,p j ə n h j ə k
변호하다,p j ə n h o h a d a
변환,p j ə n h w a n
별,p y ə l
별표,p j ə l pʰ j o
병,p j ə ŋ
병,p j əː ŋ
병약하다,p j ə ŋ j a k h a d a
볕,p j ə t
보,p o
보드게임,p o d ɨ k e i m
보따리,p o t a r i
보라국,p o r a g u k
보랑,p o r a ŋ
보르시,p o r ɨ s i
보석,p oː s ə k
보수,p o s u
보안경,p o aː n g j ə ŋ
보여주다,p o j ə ɟ u d a
보자기,p o ɟ a g i
보자노이,b o ɟ a n o i
보행하다,p o h ɛ ŋ h a d a
복자방,p o k ɟ a b a ŋ
복종하다,p o k c o ŋ h a d a
복합되다,p o k h a p t ø d a
본가야,p o n g a j a
본뜨다,p o n t ɨ d a
본말,p o n m a l
볼라퓌크,p o l l a pʰ w i kʰ ɨ
볼륨감,p o l r j u m g a m
볼메다,p o l m e d a
볼복스,p o l b o k s ɨ
봄방학,p o m p a ŋ h a k
봄베이,p o m b e i
봇물,
봉리,p oː ŋ r i
봉리수,p oː ŋ r i s u
부가적,p u g a ɟ ə k
부비트랩,p u b i tʰ ɨ r ɛ p
부산,p u s a n
부산광역시,p u s a n k w a ŋ j ə k ʃ i
부식질,p u ʃ i k c i l
부여의자,p u j ə ɨ j ɟ a
부자,p uː ɟ a
부자,p u ɟ a
부자집,p uː ɟ a ɟ i b
부정사,p u ɟ ə ŋ s a
부채,p u cʰ ɛ
부피감,p u pʰ i g a m
북구,p u k g u
북극,p u k g ɨ k
북극권,p u k g ɨ k k w ə n
북극여우,p u k k ɨ k j ə u
북극해,p u k k ɨ k h ɛ
북반구,p u k b a n g u
북아메리카,p u k a m e r i kʰ a
북아일랜드,p u k a i l l ɛ n d ɨ
북해도,p u k h ɛ d o
분리기,p u l l i g i
분리하다,p u l l i h a d a
분말약,p u n m a l j a k
분배,p u n b ɛ
분배하다,p u n b ɛ h a d a
분사,p u n s a
분쇄기,p u n s w e g i
분출,p u n cʰ u l
불가리아어,p u l g a r i a ə
불가리아인,p u l g a r i a i n
불가산명사,p u l g a s a n m j ə ŋ s a
불경기,p u l g j ə ŋ g i
불규칙,p u l g j u cʰ i k
불규칙하다,h a d a p u l g j u cʰ i k
불룩,p u l r u k
불면증,p u l m j ə n c ɨ ŋ
불명,p u l m j ə ŋ
불모지,p u l m o ɟ i
불변,p u l b j ə ŋ
불소치약,p u l s o cʰ i j a k
불순물,p u l s u n m u l
불안정,p u r a n ɟ ə ŋ
불안정하다,p u l a n ɟ ə ŋ h a d a
불참,p u l cʰ a m
불참하다,p u l cʰ a m h a d a
불청객,p u l cʰ ə ŋ g ɛ k
불청불탁,p u l cʰ ə ŋ b u l tʰ a k
불충분하다,p u l cʰ u ŋ b u n h a d a
불평등,p u l pʰ j ə ŋ d ɨ ŋ
불필요,p u l pʰ i l j o
붙박다,p u p a k t a
붙여쓰기,p u j ə s ɨ g i
붴,p w əː k
뷔페,p w i pʰ e
브라우저,p ɨ r a u ɟ ə
브라질인,p ɨ r a ɟ i l i n
브랜디,p ɨ r ɛ n d i
브레통인,p ɨ r e tʰ o ŋ i n
블루베리,p ɨ l l u b e r i
블루칼라,p ɨ l l u kʰ a l l a
비겁,p i g ə p
비격식체,p i g j ə k ʃ i k cʰ e
비구름,p i g u r ɨ m
비금속,p i g ɨ m s o k
비누,p i n u
비누통,p i n u tʰ o ŋ
비눗물,p i n u t m u l
비눗방울,p i n u t p a ŋ u l
비듬,p i d ɨ m
비뚤어지다,b i t ˈ u r ə ɟ i d a
비례,p i r e
비론하다,p i r o n h a d a
비무장,p i m u ɟ a ŋ
비밀번호,p i m i l b ə n h o
비범하다,p i b ə m h a d a
비빔,p i b i m
비상,p i s a ŋ
비상식량,p i s a ŋ ʃ i ŋ n j a ŋ
비서,p i s ə
비어,p i ə
비어,p iː ə
비열,p i j ə l
비열,p iː j ə l
비옷,p i o t
비인간,p i i n g a n
비인간적,p i i n g a n ɟ ə k
비정상,p i ɟ ə ŋ s a ŋ
비참하다,p i cʰ a m h a d a
비키니,p i kʰ i n i
비탈,p i tʰ a̠ ɭ
비트박스,b i tʰ ɨ b a k s ɨ
비틀,p i tʰ ɨ l
비평하다,p i pʰ j ə ŋ h a d a
비행,p i h ɛ ŋ
비행,p iː h ɛ ŋ
비형,p i h j ə ŋ
빅뱅,p i k p ɛ ŋ
빈,p i n
빈도,p i n d o
빈민굴,p i n m i n g u l
빈양,p i n j a ŋ
빈티지,p i n tʰ i ɟ i
빌베리,p i l b e r i
빗각,p i t g a k
빗살,
빙결,p i ŋ g j ə l
빙모,p i ŋ m o
빙수,p i ŋ s u
빙장,p i ŋ ɟ a ŋ
빙장어른,p i ŋ ɟ a ŋ ə r ɨ n
빙하,p i ŋ h a
빙하학,p i ŋ h a h a k
빨간약,p a l g a n j a k
빨래하다,p a l r ɛ h a d a
빨랫비누,p a l r ɛ t p i n u
빵,p a ŋ
빵,p aː ŋ
빼앗다,p ɛ a t t a
뺏다,p ɛ t t a
뻔,
뻘,p ə l
뼈마디염,p j ə m a d a j ə m
뽕,p o ŋ
뿅,p j o ŋ
뿅뿅,p j o ŋ p j o ŋ
뿌리,p u r i
뿌옇다,p u j ə tʰ a
뿜어내다,p u m ə n ɛ d a
사과,s a g w a
사과,s aː g w a
사과색,s a g w a s ɛ k
사기,s aː g i
사기,s a g i
사다리꼴,s a d a r i k o l
사물국,s a m u l g u k
사바나,s a b a n a
사백,s a b ɛ k
사뿐거리다,s a p u n g ə r i d a
사이가,s a i g a
사이가산양,s a i g a s a n j a ŋ
사이기국,s a i g i g u k
사이시읏,s a i ʃ i ɨ t
사인,s a i n
사인,s aː i n
사자,s aː ɟ a
사자,s a ɟ a
사자자리,s a ɟ a ɟ a r i
사재기하다,s a c ɛ k i h a d a
사전,s a ɟ ə n
사전,s aː ɟ ə n
사진사,s a ɟ i n s a
사진술,s a ɟ i n s u l
사카린,s a kʰ a r i n
사하라,s a h a r a
사회개발,s a h w e g ɛ b a l s a h ø g ɛ b a l
사회보장,s a h ø b o ɟ a ŋ s a h w e b o ɟ a ŋ
산,s a n
산딸기,s a n t a l g i
산맥,
산문,s a n m u n
산물,s a n m u l
산불,s a n b u l
산사나무,s a n s a n a m u
산성도,s a n s ə ŋ d o
산수,s a n s u
산업적,s a n ə p c ə k
산책하다,s a n cʰ ɛ k h a d a
산토끼,s a n tʰ o k i
산티아고,s a n tʰ i a g o
산호,s a n h o
산화,s a n h w a
살고기,s a l k o g i
살이,s a l i
살코기,s a l kʰ o g i
삼,s a m
삼각관계,s a m g a k g w a n g j e
삼각연애,s a m g a k j ə n ɛ
삼겹살,s a m g j ə p s a l
삼권분립,s a m k w ə n b u n r i p
삼대독자,s a m t ɛ t o k c a
삼대영양소,s a m t ɛ j ə ŋ y a n g s o
삼면,s a m m j ə n
삼부지양,s a m b u ɟ i j a ŋ
삼색휘장,s a m s ɛ k h w i ɟ a ŋ
삼중살,s a m ɟ u ŋ s a l
삼중수소,s a m c u ŋ s u s o
삼차원,s a m cʰ a w ə n
상계,s a ŋ g j e
상담하다,s a ŋ d a m h a d a
상대되다,s a ŋ d ɛ d ø d a s a ŋ d ɛ d w e d a
상대하다,s a ŋ d ɛ h a d a
상사도형,s a ŋ s a d o h j ə ŋ
상사비,s a ŋ s a b i
상사형,s a ŋ s a h j ə ŋ
상소,s a ŋ s o
상소하다,s a ŋ s o h a d a
상승,s a ŋ s ɨ ŋ
상승하다,s a ŋ s ɨ ŋ h a d a
상용,s a ŋ j o ŋ
상용로그,s a ŋ j o ŋ r o g ɨ
상원사,s a ŋ w ə n s a
상위어,s a ŋ w i ə
상의,s a ŋ ɨ j
상의어,s a ŋ ɨ j ə
상이,s a ŋ i
상쾌,s a ŋ kʰ ø s a ŋ kʰ w e
상쾌하다,s a ŋ kʰ ø h a d a s a ŋ kʰ w e h a d a
상호작용,sʰ a ŋ h o d z a g y o ŋ
새,s ɛ
새,s ɛː
새기다,s ɛ g i d a
새김,s ɛ g i m
새로에,s ɛ r o e
새말,s ɛ m a l
새색시,s ɛ s ɛ k s ˈ i
새서방,s ɛ s ə b a ŋ
새소리,s ɛː s o r i
새시,s ɛ ʃ i
새우,s ɛ u
새장가,s ɛ ɟ a ŋ g a
새집,s ɛ ɟ i p
새집,s ɛː ɟ i p
새집증후군,s ɛ c i p c ɨ n g h u g u n
새총,s ɛː cʰ o ŋ
색시,s ɛ k s ˈ i
색유리,s ɛ k j u r i
색유리그림,s ɛ k j u r i g ɨ r i m
색전증,s ɛ k c ə n c ɨ ŋ
색채,s ɛ k cʰ ɛ
색텔레비죤,s ɛ k tʰ e l l e b i c j o n
샌들,s ɛ n d ɨ l
샘솟다,s ɛ m s o t t a
샛,s ɛ t
생,s ɛ ŋ
생고기,s ɛ ŋ g o g i
생김치,s ɛ ŋ g i m cʰ i
생리,s ɛ ŋ r i
생물계,s ɛ ŋ m u l g e
생물권,s ɛ ŋ m u l g w ə n
생물학자,s ɛ ŋ m u l h a k c a
생산물,s ɛ ŋ s a n m u l
생산율,s ɛ ŋ s a n n j u l
생산품,s ɛ ŋ s a n pʰ u m
생선묵,s ɛ ŋ s ə n m u k
생식,s ɛ ŋ ʃ i k
생식기,s ɛ ŋ ʃ i k k i
생존하다,s ɛ ŋ ɟ o n h a d a
생체인증,s ɛ ŋ cʰ e i n ɟ ɨ ŋ
생태계,s ɛ ŋ tʰ ɛ g e
생화학,s ɛ ŋ h w a h a k
생화학자,s ɛ ŋ h w a h a k ɟ a
샤미센,ʃ a m i s e n
샴페인,ʃ a m pʰ e i n
서귀포,s ə g w i pʰ o
서방측,
서버,s ə b ə
서벌,s ə b ə l
서사하라,s ə s a h a r a
서운,s ə u n
서울특별시,s ə u l tʰ ɨ k p j ə l d o
석식,s ə k ʃ i k
선,s ə n
선거범죄,s ə n g ə b ə m ɟ ø s ə n g ə b ə m ɟ w e
선거사범,s ə n g ə s a b ə m
선량계,s ə l l j a ŋ g j e
선선,s ə n s ə n
선하다,s ə n h a d a
선하다,s əː n h a d a
설사,s ə l s a
설전음,s ə l c ə n ɨ m
섬,s ə m
섬,s əː m
섬색,s ə m s ɛ k
성,s ə ŋː
성,s əː ŋ
성,s ə ŋ
성가,s ə ŋ g a
성교육,s əː ŋ g j o j u k
성나다,s ə ŋː n a d a
성내다,s ə ŋː n ɛ d a
성대,s ə ŋ d ɛ
성부르다,s ə ŋ b u r ɨ d a
성분,s ə ŋ b u n
성산가야,s ə ŋ s a n g a j a
성서,s əː ŋ s ə
성실히,s ə ŋ ʃ i l h i
성싶다,s ə ŋ ʃ i p d a
성씨,s ə ŋː ʃ
성애,s ə ŋ ɛ
성어,s ə ŋ ə
성의,s ə ŋ ɨ j
성인,s əː ŋ i n
성인,s ə ŋ i n
성전환,s ə ŋ ɟ ə n h w a n
성전환자,s ə ŋ ɟ ə n h w a n ɟ a
성전환증,s ə ŋ ɟ ə n h w a n ɟ ɨ ŋ
성차별,s ə ŋ cʰ a b j ə l
성하다,s ə ŋ tʰ a d a
성행,s əː ŋ h ɛ ŋ
성행위,s əː ŋ h ɛ ŋ w i
성행하다,s əː ŋ h ɛ ŋ h a d a
성형,s ə ŋ h j ə ŋ
섶,s ə p
세간,s e g a n
세계어,s e g e ə
세계지도,s e g j e c i d o
세력,s eː r j ə k
세로띠,s e r o t i
세로줄,s e r o c u l
세로축,s e r o cʰ u k
세무사,s e m u s a
세상사,s e s a ŋ s a
세숫비누,s e s u t p i n u
세일,s e i l
세제곱,s eː c e k o p
세종특별자치시,s e ɟ o ŋ tʰ ɨ k p j ə l ɟ a cʰ i d o
세쿼이아,s e kʰ w ə i a
세탁비누,s eː tʰ a k p i n u
세팍타크로,s e pʰ a k tʰ a kʰ ɨ r o
센말,s eː n m a l
셀러리,s e l l ə r i
셀프,s e l pʰ ɨ
셈,s eː m
셈,s e m
셔벗,s j ə b ə t
셔츠,s j ə cʰ ɨ
셔틀콕,ʃ j ə tʰ ɨ l kʰ o k
셤,ʃ ə m
소갈비,s o g a l b i
소년병,s o n j ə n b j ə ŋ
소르브인,s o r ɨ b ɨ i n
소름,s o r ɨ m
소리같은말,s o r i k a t ɨ n m aː l
소말릴란드,s o m a l l i l l a n d ɨ
소불고기,s o p u l k o g i
소산,s oː s a n
소산,s o s a n
소설,s o s ə l
소수,s oː s u
소수,s o s u
소시락,s o s i r a k
소시락소시락,s o s i r a k s o s i r a k
소아암,s o a a m
소양감,s o y a n g g a m
소우주,s o u ɟ u
소원하다,s o w ə n h a d a
소장,s oː ɟ a ŋ
소장,s o c a ŋ
소장암,s o ɟ a ŋ a m
소젖,s o c ə t
소지,s oː ɟ i
소지,s o ɟ i
소파,s o pʰ a
소파,s oː pʰ a
소화하다,s o h w a h a d a
속,s oː k
속,s o k
속임동작,s o k i m d o ŋ ɟ a k
손,s oː n
손,s o n
손결,p o ɟ o g ɛ
손님마마,s o n n i m m a m a
손목걸이,s o n m o k k ə r i
손목시계,s o n m o k ʃ i g j e
손벽춤,s o n b j ə k cʰ u m
손벽희,s o n b j ə k h ɨ
손시계,s o n ʃ i g j e
손주,s o n ɟ u
손톱괄호,s o n tʰ o p g w a l h o
손톱묶음,s o n tʰ o p m u k ɨ m
솔,s o l
솔방울,s o l p a ŋ u l
송,s o ŋ
송,s oː ŋ
송골매,s o ŋ g o l m ɛ
송별,s o ŋ b j ə l
송별식,s o ŋ b j ə l ʃ i k
솥,s o t
쇄골,s w e k o l
쇠,s øː s w eː
쇠,s ø s w e
쇠걸이,s ø k ə l i s w e k ə l i
쇠고기덮밥,s ø g o g i t ə p b a p s w e g o g i t ə p b a p
쇠사슬,s ø s a s ɨ l s w e s a s ɨ l
수,s u
수,s uː
수고양이,s u g o j a ŋ i
수다,s u d a
수리부엉이,s u r i b u ə ŋ i
수리적위치,s u r i ɟ ə k w i cʰ i
수립하다,s u r i p h a d a
수마크,s u m a kʰ ɨ
수말,s u m a l
수박춤,s uː b a k cʰ u m
수상하다,s u s a ŋ h a d a
수색,s u s ɛ k
수색하다,s u s ɛ kʰ a d a
수선스레,s u s ə n s ɨ r e
수술하다,s u s u l h a d a
수온약층,s u o n j a k cʰ ɨ ŋ
수퇘지,s u tʰ w ɛ ɟ i
수풀,s u pʰ u l
수험자,s u h ə m c a
순간적,s u n g a n ɟ ə k
순경음,s u n g j ə ŋ ɨ m
순례하다,s u l l e h a d a
순록,s u l l o k
순망치한,s u n m a ŋ cʰ i h a n
순우리말,s u n u r i m a l
숟가락,s u t k a r a k
숨길,s u m k i l
숨은그림찾기,s uː m ɨ n g ɨ r i m cʰ a t g i
숨통,s u m t o ŋ
숫자공포증,s u c a g o ŋ pʰ o c ɨ ŋ
숭경,s u ŋ g j ə ŋ
숭배,s u ŋ b ɛ
숭배하다,s u ŋ b ɛ h a d a
숭어,s u ŋ ə
쉬야하다,s w iː j a h a d a s yː j a h a d a
쉴드,ʃ w i l d ɨ
슈퍼문,s j u pʰ ə m u n
슈퍼컴퓨터,ʃ j u pʰ ə kʰ ə m pʰ j u tʰ ə
스레하다,
스산,s ɨ s a n
스시,s ɨ ʃ i
스웨덴인,s ɨ w e d e n i n
스칸디나비아,s ɨ kʰ a n d i n a b i a
스케트,s ɨ kʰ e tʰ ɨ
스코틀랜드,s ɨ kʰ o tʰ ɨ l l ɛ n d ɨ
스쿨버스,s ɨ kʰ u l p ə s ɨ
스키니진,s ɨ kʰ i n i ɟ i n
스테이크,s ɨ tʰ e i kʰ ɨ
스테인드글라스,ʃ ɨ tʰ e i n d ɨ g ɨ l r a ʃ ɨ
스파이크하다,s ɨ pʰ a i kʰ ɨ h a d a
스페이드,s ɨ pʰ e i d ɨ
스페츠나츠,s ɨ pʰ e cʰ ɨ n a cʰ ɨ
스포일러,s ɨ pʰ o i l l ə
스포츠카,s ɨ pʰ o cʰ ɨ kʰ a
스플릿,s ɨ pʰ ɨ l r i t
슬라브족,s ɨ l l a b ɨ ɟ o k
습니다,s ɨ p n i d a
승하차,s ɨ ŋ h a cʰ a
승하차하다,s ɨ ŋ h a cʰ a h a d a
시,ʃ iː
시,ʃ i
시가,s iː k a
시가,s iː g a
시가,s i g a
시각,ʃ i g a k
시각,ʃ iː g a k
시곗바늘,ʃ i g j e t p a n ɨ l
시너지,ʃ i n ə ɟ i
시드니,ʃ i d ɨ n i
시력검사표,ʃ i r j ə k k ə m s a pʰ j o
시뮬레이션,ʃ i m j u l r e i ʃ j ə n
시읏,ʃ i ɨ t
시인,ʃ i i n
시인,ʃ iː i n
시작,ʃ iː ɟ a k
시작,ʃ i ɟ a k
시작하다,ʃ iː ɟ a kʰ a d a
시작하다,ʃ i ɟ a kʰ a d a
시장,ʃ iː ɟ a ŋ
시장,ʃ i ɟ a ŋ
시저,ʃ i ɟ ə
시조,ʃ i ɟ o
시조,ʃ iː ɟ o
시차,ʃ i cʰ a
시차,ʃ iː cʰ a
시트,ʃ i tʰ ɨ
식도암,ʃ i k d o a m
식목일,ʃ i k m o k i l
식물학자,ʃ i k m u l h a k c a
식용달팽이,ʃ i k j o ŋ t a l pʰ a ŋ i
식용버섯,s i k j o ŋ p ə s ə t
식판,ʃ i k pʰ a n
신,ʃ i n
신,ʃ iː n
신경계,s i n g j ə ŋ g j e
신경세포,s i n g j ə ŋ s e pʰ o
신구간,ʃ i n g u g a n
신돈,ʃ i n d o n
신사복,ʃ i n s a b o k
신생대,ʃ i n s ɛ ŋ d ɛ
신장,ʃ i n c a ŋ
신장,ʃ iː n ɟ a ŋ
신장,ʃ i n ɟ a ŋ
신제품,ʃ i n ɟ e pʰ u m
신조어,ʃ i n ɟ o ə
실,ʃ iː l
실례,ʃ iː l l j e
실례,ʃ i l l j e
실망,ʃ i l m a ŋ
실업,ʃ i l ə p
실증적,ʃ i l c ɨ ŋ c ə k
실질,s i l ɟ i l
실패,s i l pʰ ɛ
실패,s iː l pʰ ɛ
실황예보,ʃ i l h w a ŋ j e b o
십각형,ʃ i p g a k h j ə ŋ
싸,s a
싸움,s a u m
싹쓸바람,s a k s ɨ l b a r a m
쌀알눈,s a r a l l u n
쌍괄호,s a ŋ g w a l h o
쌤,s ɛ m
쌤,s ɛː m
쌤통,s ɛ m t o ŋ
쌩얼,s ɛ ŋ ə l
썰렁,s ə l
쐐기풀,s ø g i pʰ u l s w e g i pʰ u l
쓰륵,s ɨ r ɨ k
쓰메키리,s ɨ m e kʰ i r i
쓸림,s ɨ l l i m
쓸모없이,s ɨ l m o ə p ʃ i
씨,ʃː
씨,ʃ i
씨물,s i m u l
씨발,ʃ i pʰ a l
씨뿌리기,ʃ i b u r i g i
씨팔,ʃ i pʰ a l
아경도풍,a g j ə ŋ d o pʰ o ŋ
아나가야,a n a g a j a
아나톨리,a n a tʰ o l l i
아날로그시계,a n a l r o g ɨ ʃ i g j e
아니메,a n i m e
아라가야,a r a g a j a
아랍어,a r a b ə
아랍인,a r a p i n
아래아,a r ɛ a
아르,a r ɨ
아르마딜로,a r ɨ m a d i l l o
아르메니아인,a r ɨ m e n i a i n
아르헨티나인,a r ɨ h e n tʰ i n a i n
아마,a m a
아마포,a m a pʰ o
아바타,a b a tʰ a
아보카도,a b o kʰ a d o
아세테이트,a s e tʰ e i tʰ ɨ
아슈케나짐,a ʃ u kʰ e n a ɟ i m
아승기,a s ɨ ŋ g i
아시량,a s i r y a ŋ
아시량국,a s i r y a ŋ g u k
아시아경기대회,a ʃ i a k j ə ŋ k i t ɛ h ø a ʃ i a k j ə ŋ k i t ɛ h w e
아시아인,a ʃ i a i n
아시아코끼리,a ʃ i a kʰ o k i r i
아시안게임,a ʃ i a n k e i m
아싸,a s a
아야가야,a j a g a j a
아역,a j ə k
아열대고기압,a j ə l d ɛ g o g i a p
아열대기단,a j ə l d ɛ g i d a n
아열대기후,a j ə l d ɛ g i h u
아열대제트기류,a j ə l d ɛ ɟ e tʰ ɨ g i r j u
아오모리,a o m o r i
아오자이,a o ɟ a i
아욱국,a u k k u k
아이누족,a i n u ɟ o k
아이슬란드어,a i s ɨ l l a n d ɨ ə
아이오딘,a i o d i n
아이폰,a i pʰ o n
아인슈타이늄,a i n ʃ u tʰ a i ɲ u m
아제르바이잔인,a ɟ e r ɨ b a i ɟ a n i n
아지균풍,a ɟ i g j u n pʰ o ŋ
아치교,a cʰ i g j o
아치형,a cʰ i h j ə ŋ
아치형마치,a cʰ i h j ə ŋ m a cʰ i
아침노을,
아포리아,a pʰ o r i a
아홉,a h o p
악기,a k k i
악기상요소,a k k i s a ŋ j o s o
악성임파종,a k s ə ŋ i m pʰ a c o ŋ
악착,a k cʰ a k
악착하다,a k cʰ a k kʰ a d a
안개관측시스템,a nː g ɛ g w a n cʰ ɨ k ʃ i s ɨ tʰ e m
안경,aː n g j ə ŋ
안경곰,a n g j ə ŋ g o m
안녕하세요,a n n j ə ŋ h a s e j o
안장부,a nː ɟ a ŋ b u
안정기단,a n ɟ ə ŋ g i d a n
알람시계,a l r a m ʃ i g j e
알바니아인,a l b a n i a i n
알베도,a l b e d o
알제리인,a l ɟ e r i i n
알파벳순,a l pʰ a b e t s u n
암,a m
암,aː m
암곰,a m k o m
암공포증,aː m g o ŋ pʰ o c ɨ ŋ
암랑,a m r a ŋ
암석아스팔트,a m s ə k a s ɨ pʰ a l tʰ ɨ
암시,aː m ʃ i
암양,a m j a ŋ
압생트,a p s ɛ ŋ tʰ ɨ
압하스어,a p h a s ɨ ə
압하스인,a b h a s ɨ i n
았,a t
앙상블예보,a ŋ s a ŋ b ɨ l j e b o
애급,ɛ g ɨ p
애너그램,ɛ n ə g ɨ r ɛ m
애니,ɛ n i
애니메이션,ɛ n i m e i ʃ ə n
애쿼틴트,ɛ kʰ w ɛ tʰ i n tʰ ɨ
애호가,ɛ h o g a
애호박,ɛ h o b a k
앤솔러지,ɛ n s o l l ə ɟ i
앰뷸런스,ɛ m b j u l l ə n s ɨ
앵커,ɛ ŋ kʰ ə
야간,j a g a n
야간냉각,j a g a n n ɛ ŋ g a k
야간뇌우,j aː g a n n ø u j aː g a n n w e u
야간복사,j a g a n b o k s a
야구공,j a g u g o ŋ
야마,j a m a
야위다,j a w i d a j a y d a
야자나무,j aː ɟ a n a m u
야쿠자,j a kʰ u ɟ a
야행성동물,j a h ɛ ŋ s ə ŋ d oː ŋ m u l
야행하다,j a h ɛ ŋ h a d a
야훼,j a h w e
약명전,j a k m j ə ŋ ɟ ə n
약명표,j a k m j ə ŋ pʰ j o
약용백분,j a k j o ŋ p ɛ k p u n
약이름표,j a k i r ɨ m pʰ j o
약해지다,j a k h ɛ ɟ i d a
양,j a ŋ
양,j aː ŋ
양감,y a n g g a m
양도하다,j a ŋ d o h a d a
양동이,j a ŋ d o ŋ i
양성애,j aː ŋ s ə ŋ ɛ
양성애자,j aː ŋ s ə ŋ ɛ ɟ a
양의사,j a ŋ ɨ j s a
양장피,j a ŋ c a ŋ pʰ i
양쯔강고기압,j a ŋ ɟ ɨ g a ŋ g o g i a p
양털,j a ŋ tʰ ə l
양하다,j a ŋ h a d a
어는고도,əː n ɨ n g o d o
어두워지다,ə d u w ə ɟ i d a
어디,ə d i
어림수,ə r i m s u
어미,ə m i
어민족제비,ə m i n ɟ o k ɟ e b i
어젯밤,ə ɟ e t b a m
어휘학,ə h w i h a k
언더,ə n d ə
언더스로,ə n d ə s ɨ r o
얼간,ə l
얼꽝,ə l k w a ŋ
얼음냉수,ə l ɨ m n ɛː ŋ s u
얼음보숭이,ə l ɨ m b o s u ŋ i
엄두,ə m t u
업,ə p
업그레이드,ə p g ɨ r e i d ɨ
업소,ə p s o
엇시조,ə t ʃ i ɟ o
에디,e d i
에러,e r ə
에르자어,e r ɨ ɟ a ə
에마그램,e m a g ɨ r ɛ m
에스컬레이터,e s ɨ kʰ ə l l e i tʰ ə
에스트로겐,e s ɨ tʰ ɨ r o g e n
에스파냐인,e s ɨ pʰ a ɲ a i n
에이형,e i h j ə ŋ
에티켓,e tʰ i kʰ e t
에피소드,e pʰ i s o d ɨ
엑스축,e k s ɨ cʰ u k
엔테로바이러스,e n tʰ e r o b a i r ə s ɨ
엔트로피,e n tʰ ɨ r o pʰ i
엘리스타,e l l i s ɨ tʰ a
엠시,e m ʃ i
여관,j ə g w a n
여단,j ə d a n
여당,j ə d a ŋ
여럿이름씨,j ə r ə t i r ɨ m s i
여름방학,j ə r ɨ m p a ŋ h a k
여린말,j ə r i n m a l
여사,j ə s a
여사하다,j ə s a h a d a
여성공포증,j ə s ə ŋ g o ŋ pʰ o c ɨ ŋ
여성애,j ə s ə ŋ ɛ
여성애자,j ə s ə ŋ ɛ ɟ a
여아,j ə a
여야,j ə j a
여우비,j ə u p i
여위다,j ə w i d a j ə y d a
여의도,j ə ɨ t o
여의주,j ə ɨ j j u j ə i j u
여자아이,j ə ɟ a a i
여중생,j ə ɟ u ŋ s ɛ ŋ
여친,j ə cʰ i n
여탕,j ə tʰ a ŋ
여하튼,j ə h a tʰ ɨ n
여행기,j ə h ɛ ŋ g i
역,j ə k
역지사지,j ə k ɟ i s a ɟ i
연극하다,j ə n g ɨ k h a d a
연금술사,j ə n g ɨ m s u l s a
연기,j əː n g i
연기,j ə n g i
연리지,j ə l l i ɟ i
연립방정식,j ə l l i p b a ŋ ɟ ə ŋ ʃ i k
연립부등식,j ə l l i p b u d ɨ ŋ ʃ i k
연변화,j ə n b j ə n h w a
연보라,
연석,j ə n s ə k
연설가,j ə n s ə l g a
연속적,j ə n s o k c ə k
연쇄,j ə n s ø j ə n s w e
연안바다,j ə n a n b a d a
연유하다,j ə n j u h a d a
연인,j əː n i n
연장예보,j ə n ɟ a ŋ j e b o
연직단면,j ə n ɟ i k t a n m j ə n
연직속도,j ə n ɟ i k s o k t o
연직속도분포,j ə n ɟ i k s o k t o b u n pʰ o
연직시정,j ə n ɟ i k ʃ i ɟ ə ŋ
연직온도경도,j ə n ɟ i g o n d o g j ə ŋ d o
연철,j ə n cʰ ə l
연체동물,j ə n cʰ e t oː ŋ m u l
연탄,j ə n tʰ a n
연하장,j ə n h a ɟ a ŋ
열,j əː l
열,j ə l
열난류,j ə l l a l j u
열뇌우,j ə l l ø u j ə l l w e u
열대기단,j ə l t ˈ ɛ g i d a n
열대대류권계면,j ə l t ˈ ɛ d ɛ r j u g w ə n g j e m j ə n
열대류,j ə l d ɛ r j u
열대상층기단,j ə l t ˈ ɛ s a ŋ cʰ ɨ ŋ g i d a n
열대수렴대,j ə l t ˈ ɛ s u r j ə m d ɛ
열대요란,j ə l t ˈ ɛ j o r a n
열대저기압,j ə l t ˈ ɛ ɟ ə g i a p
열대저압부,j ə l t ˈ ɛ ɟ ə a p p u
열대폭풍,j ə l t ˈ ɛ pʰ o k pʰ o ŋ
열대해양기단,j ə l t ˈ ɛ h ɛ j a ŋ g i d a n
열복사,j ə l b o k s a
열역학선도,j ə l j ə kʰ a k s ə n d o
열저기압,j ə l ɟ ə g i a p
열적운,j ə l ɟ ə g u n
열지수,j ə l ɟ i s u
열차,j ə l cʰ a
열파,j ə l pʰ a
염,j ə m
염소자리,j ə m s o ɟ a r i
염소젖,j ə m s o ɟ ə t
염장,j ə m ɟ a ŋ
염통,j ə m t o ŋ
염화수소,j ə m h w a s u s o
염화암모늄,j ə m h w a a m m o n j u m
엿,j ə t
영,j ə ŋ
영롱하다,j ə ŋ r o ŋ h a d a
영리,j ə ŋ n i
영리하다,j ə ŋ r i h a d a
영미권,j ə ŋ m i k w ə n
영사관,j ə ŋ s a g w a n
영양사,j ə ŋ j a ŋ s a
영업소,j ə ŋ ə p s o
영업하다,j ə ŋ ə p h a d a
영웅,j ə ŋ u ŋ
영지,j ə ŋ ɟ i
영해,j ə ŋ h ɛ
영화롭다,j ə ŋ h w a r o p t a
옅다,j ə t d a
예각,j e g a k
예모,j e m o
예민하다,j e m i n h a d a
예배,j e b ɛ
예배당,j e b ɛ d a ŋ
예배하다,j e b ɛ h a d a
예술품,j e s u l pʰ u m
예약되다,j eː j a k t ø d a j eː j a k t w e d a
예언자,j eː ə n ɟ a
예외적,j e ø ɟ ə k j e w e ɟ ə k
옛한글,y e t aː n g ɨ l
오,oː
오,o
오기,oː g i
오기,o g i
오디,o d i
오똘오똘,o t ˈ o l o t ˈ o l
오뚝이,o t u g i
오라기,o r a g i
오락,o r a k
오렌부르크,o r e n b u r ɨ kʰ ɨ
오렌지주스,o r e n ɟ i ɟ u s ɨ
오르도비스기,o r ɨ d o b i s ɨ g i
오른손,o r ɨ n s o n
오리,oː r i
오막살이,o m a k s ˈ a r i
오만,o m a n
오만,oː m a n
오버스로,o b ə s ɨ r o
오보에,o b o e
오소리,o s o r i
오손도손하다,o s o n d o s o n h a d a
오존,o ɟ o n
오존구멍,o ɟ o n g u m ə ŋ
오줌똥,o ɟ u m t o ŋ
오크로시카,o kʰ ɨ r o s i kʰ a
오타쿠,O tʰ a kʰ u
오팔,o pʰ a l
오페레타,o pʰ e r e tʰ a
오형,o h j ə ŋ
오호츠크해고기압,o h o cʰ ɨ kʰ ɨ h ɛ g o g i a p
오호츠크해기단,o h o cʰ ɨ kʰ ɨ h ɛ g i d a n
옥,o k
옥문,o ŋ m u n
옥새,o k s ɛ
옥수수,o k s u s u
온난고기압,o n n a n g o g i a p
온난기단,o n n a n g i d a n
온난저기압,o n n a n ɟ ə g i a p
온난전선,o n n a n ɟ ə n s ə n
온대,o n d ɛ
온대저기압,o n d ɛ ɟ ə g i a p
온대편서풍,o n d ɛ pʰ j ə n s ə pʰ o ŋ
온대하우기후,o n d ɛ h a u g i h u
온도감률,o n d o g a m r j u l
온도계,o n d o g e
온도보정,o n d o b o ɟ ə ŋ
온도역전,o n d o j ə k ɟ ə n
온도장,o n d o ɟ a ŋ
온도풍,o n d o pʰ o ŋ
온라인게임,o n r a i n g e i m
온순하다,o n s u n h a d a
온실가스,o n ʃ i l k ˈ a s ɨ
온음,o n ɨ m
온음계,o n ɨ m g e
온정주의,o n ɟ ə ŋ ɟ u ɨ j o n ɟ ə ŋ ɟ u i
온천,o n cʰ ə n
온화,o n h w a
온흐림,o nː h ɨ r i m
올리고머,o l l i g o m ə
올리브,o l l i b ɨ
올림픽기,o l l i m pʰ i k g i
올바로,o l b a r o
옰,o l
옴실,o m ʃ i l
옷감,o t k aː m
옷깃,o t g i t
옷장,o t c a ŋ
옹기,o ŋ g i
와도,w a d o
와라이족,w a r a i ɟ o k
와이축,w a i cʰ u k
와이파이,w a i pʰ a i
와인냉장고,w a i n n ɛː ŋ ɟ a ŋ g o
완고하다,w a n g o h a d a
완벽히,w a n b j ə k h i
완비,w a n b i
완비하다,w a n b i h a d a
완수하다,w a n s u h a d a
완화하다,w a n h w a h a d a
왈츠,w a l cʰ ɨ
왕녀,w a ŋ n j ə
왕도마뱀,w a ŋ d o m a b ɛ m
왕바람,w a ŋ b a r a m
왕복,w a ŋ b o k
왕복하다,w a ŋ b o k h a d a
왜성,w ɛ s ə ŋ
왜소행성,w ɛ s o h ɛ ŋ s ə ŋ
외계인,øː k j e i n w eː k j e i n
외기권,ø g i g w ə n w e g i g w ə n
외돌토리,ø t o l tʰ o r i w e t o l tʰ o r i
외발,ø b a l w e b a l
외외가,øː ø g a w eː w e g a
외침,øː cʰ i m w eː cʰ i m
외침,ø cʰ i m w e cʰ i m
외톨박이,ø tʰ o l p a k i w e tʰ o l p a k i
외톨이,ø tʰ o l i w e tʰ o l i
외투,øː tʰ u
요령부득,j o r j e ŋ b u d ɨ k
요모조모,j o m o ɟ o m o
요술,j o s u l
요실금,j o ʃ i l g ɨ m
요양,j o j a ŋ
요요,j o j o
요요하다,j o j o h a d a
요해,j o h ɛ
용량,j oː ŋ ɲ a ŋ
용량,j o ŋ ɲ a ŋ
용맹하다,j o ŋ m ɛ ŋ h a d a
용모,j o ŋ m o
용병,j o ŋ b j ə ŋ
용사,j o ŋ s a
용수로,j o ŋ s u r o
용수철,j o ŋ s u cʰ ə l
용액,j o ŋ ɛ k
용오름,j o ŋ o r ɨ m
용적,j o ŋ ɟ ə k
용질,j o ŋ ɟ i l
용해,j o ŋ h ɛ
우아,u a
우연성,u j ə n s ə ŋ
우열,u j ə l
우의,uː ɨ j
우주계,ɨ n h a g j e
우주배경복사,uː ɟ u p ɛː g j ə ŋ b o k s a
우주살,u ɟ u s a l
우주선,u ɟ u s ə n
우주정거장,u ɟ u ɟ ə ŋ g ə ɟ a ŋ
우주흑체복사,uː ɟ u h ɨ k cʰ e b o k s a
우체,u cʰ e
우체통,u cʰ e tʰ o ŋ
우편집배원,u pʰ j ə n c i p p ɛ w ə n
우편통신원,u pʰ j ə n tʰ o ŋ ʃ i n w ə n
우호적,u h o ɟ ə k
운동에너지,uː n d o ŋ e n ə ɟ i
운명,uː n m j ə ŋ
운문,u nː m u n
운영,uː n j ə ŋ
운용하다,u n j o ŋ h a d a
운전수,u n ɟ ə n s u
운지,uː n ɟ i
운지법,u n ɟ i p ə p
운행하다,u n h ɛ ŋ h a d a
울걱울걱하다,u l g ə k u l g ə kʰ a d a
울분,u l b u n
울타리,u l tʰ a r i
움,uː m
워터벅,w ə tʰ ə b ə k
원고근려,w ə n g o g ɨ l l j ə
원뿔,w ə n p u l
원소행렬,w ə n s o h ɛ ŋ r j ə l
원심분리기,w ə n ʃ i m b u l l i g i
원일점,w ə n i l c ə m
원자구름,w ə n c a k u r ɨ m
원장,w ə n ɟ a ŋ
원장,w ə n c a ŋ
원지점,w ə n ɟ i c ə m
웜뱃,w ə m b ɛ t
웨딩드레스,w e d i ŋ d ɨ r e s ɨ
웨일스,w e i l s ɨ
위만조선,w i m a n ɟ o s ə n
위씨조선,w i s i ɟ o s ə n
위치에너지,w i cʰ i e n ə ɟ i y cʰ i e n ə ɟ i
위키,w i k i
위키뉴스,w i k i ɲ u s ɨ
위태,w i tʰ ɛ
위항인,w i h a ŋ i n
유대인,j u d ɛ i n
유딩,j u d i ŋ
유라시아,j u r a ʃ i a
유럽인,j u r ə p i n
유로,j u r o
유리그림,j u r i k ɨ r i m
유리화,j u r i h w a
유사성,j u s a s ə ŋ
유용하다,j u j o ŋ h a d a
유용하다,j uː j o ŋ h a d a
유유,j u j u
유의파고,j u ɨ y pʰ a g o j u ɨ pʰ a g o j u i pʰ a g o
유일하다,j u i l h a d a
유자형자석,j u ɟ a h j ə ŋ ɟ a s ə k
유치원생,j u cʰ i w ə n s ɛ ŋ
유치하다,j u cʰ i h a d a
유행병,j u h ɛ ŋ b j ə ŋ
육,j u k
육가야,j u k g a j a
육각형,j u k g a k h j ə ŋ
육반구,j u k p a n g y
육상,j u k s a ŋ
육아휴직,ʎ u k ɐ ɦ y u ɠ ɨ k
육회,j u k h ø j u k h w e
윤,j u n
윤날,j u n n a l
윤달,j u n d a l
윤월,j u n w ə l
윤일,j u n i l
윤주,j u n ɟ u
윤초,j u n cʰ o
율,j u l
융기,j u ŋ g i
윷가락,j u t k a r a k
윷놀이,j u t n o l i
윷놀이하다,j u t n o l i h a d a
윷말,j u t m a l
윷짝,j u t c a k
으뜸꼴,ɨ t ɨ m k o l
으뜸음,ɨ t ɨ m ɨ m
으셔요,ɨ s j ə j o
으스스하다,ɨ s ɨ s ɨ h a d a
으아,ɨ a
으악,ɨ a k
은메달,ɨ n m e d a l
은색,
은어,ɨ n ə
은은,ɨ n ɨ n
은인,ɨ n i n
은하단,ɨ n h a d a n
은행장,ɨ n h ɛ ŋ ɟ a ŋ
은혜,ɨ n h e
은혼식,ɨ n h o n s i k
을거나,ɨ l g ə n a
음,ɨ m
음양사,ɨ m j a ŋ s a
음역어,ɨ m j ə k ə
음용수,ɨ m j o ŋ s u
읍,ɨ p
응결,ɨ ŋ g j ə l
응수,ɨ ŋ s u
응용,ɨ ŋ j o ŋ
응축,ɨ ŋ cʰ u k
의뢰하다,ɨ j r œ h a d a ɨ j r w e h a d a
의무경찰,ɨ j m u g j ə ŋ cʰ a l
의사,ɨ jː s a
의사,ɨ j s a
의심스럽다,ɨ j s i m s ɨ r ə p d a
의정부시,ɨ c ə ŋ b u ʃ i
이,iː
이견,i g j ə n
이기적,i g i ɟ ə k
이나,i n a
이나저나,i n a ɟ ə n a
이든지,i d ɨ n ɟ i
이디시어,i d i ʃ i ə
이랑,i r a ŋ
이러나저러나,i r ə n a ɟ ə r ə n a
이렇게,i r ə kʰ e
이론,i r o n
이룩,i r u k
이륙하다,i r j u k h a d a
이름표,i r ɨ m pʰ j o
이며,i m j ə
이모저모,i m o ɟ ə m o
이모티콘,i m o tʰ i kʰ o n
이물,
이방인,i b a ŋ i n
이백,i b ɛ k
이별,i b j ə l
이별하다,i b j ə l h a d a
이뽑기,i p o p g i
이상야릇,iː s a ŋ j a r ɨ t
이성애,iː s ə ŋ ɛ
이성애자,iː s ə ŋ ɛ ɟ a
이성장,iː s ə ŋ ɟ a ŋ
이스라엘인,i s ɨ r a e l i n
이식,i ʃ i k
이엉,
이원록,i w ə n r o k
이육사,i j u k s a
이율배반,i j u l b ɛ b a n
이음,i ɨ m
이의,i ɨ j
이이,i i
이점,i c ə m
이주,i ɟ u
이즘,i ɟ ɨ m
이지,i ɟ i
이질,i ɟ i l
이질적,i ɟ i l c ə k
이집트학,i ɟ i p tʰ ɨ h a k
이차방정식,i cʰ a b a ŋ s i k
이차원,i cʰ a w ə n
이탄,i tʰ a n
이태동사,iː tʰ ɛ d o ŋ s a
이태리,i tʰ ɛ r i
인간관계,i n g a n g w a n g j e
인공증우,i n g o ŋ ɟ ɨ ŋ u
인구피라미드,i n g u pʰ i r a m i d ɨ
인도게르만어,i n d o g e r ɨ m a n ə
인도상,i n d o s a ŋ
인사법,i n s a b ə p
인애,i n ɛ
인적,i n c ə k
인적,i n ɟ ə k
인플루엔자,i n pʰ ɨ l l u e n ɟ a
일,i l
일,iː l
일ᄒᆞ다,i l h ɒ d a
일관하다,i l g w a n h a d a
일몰,i l m o l
일분일초,i l b u n i l cʰ o
일식집,i l s i k c i p
일차방정식,i l cʰ a b a ŋ s i k
일차원,i l cʰ a w ə n
임,i m
임상,i m s a ŋ
입맞추기,i m m a t cʰ u g i
입소,i p s o
입욕,i p j o k
입조심,i p ɟ o ʃ i m
입조심하다,i p ɟ o ʃ i m h a d a
입증,i p ɟ ɨ ŋ
입찰,i p cʰ a l
입체,i p cʰ e
입체도형,i p cʰ e d o h j ə ŋ
입체형,i p cʰ e h j ə ŋ
입헌,i p h ə n
잉글랜드,i ŋ g ɨ l l ɛ n d ɨ
잉크병,i ŋ kʰ ɨ p j ə ŋ
잉태,iː ŋ tʰ ɛ
자기결정권,c a g i g j ə l c ə ŋ k w ə n
자기부상열차,c a g i p u s a ŋ j ə l cʰ a
자동계단,c a d o ŋ g e d a n
자매애,c a m ɛ ɛ
자문하다,c aː m u n h a d a
자문하다,c a m u n h a d a
자승근,ɟ a s ɨ ŋ g ɨ n
자아,c a a
자유문,c a j u m u n
자자,c a ɟ a
자잘,ɟ a c a l
자주,c aː ɟ u
자주,c a ɟ u
자철석,c a cʰ ə l s ə k
작은창자암,c a g ɨ n cʰ a ŋ ɟ a a m
잠들다,c a m d ɨ l d a
잠자리,c a m c a r i
잠자리,c a m ɟ a r i
잡,c a p
잡이,c a p i
장,c aː ŋ
장,c a ŋ
장교,c a ŋ g j o
장군석,c a ŋ g u n s ə k
장기,c a ŋ k i
장기,c a ŋ g i
장기,c aː ŋ g i
장난꾸러기,c a ŋ n a n k u r ə g i
장딴지,ʨ a̠ː ŋ t͈ a̠ n ʥ i
장롱,c aː ŋ n o ŋ
장미,c a ŋ m i
장미꽃,c a ŋ m i c o t
장부,c a ŋ b u
장석,c a ŋ s ə k
장어덮밥,c a ŋ ə t ə p b a p
장음계,c a ŋ ɨ m g e
장자,c a ŋ ɟ a
장조,c a ŋ ɟ o
장질부사,c a ŋ ɟ i l b u s a
장치,c a ŋ cʰ i
장티푸스,c a ŋ tʰ i pʰ u s ɨ
장화,c a ŋ h w a
재,c ɛː
재,c ɛ
재가노인,c ɛː g a n o i n
재갈,c ɛ k a l
재건하다,c ɛ g ə n h a d a
재규어,c ɛ g j u ə
재수,ɟ ɛː s u
재수,ɟ ɛ s u
재촉하다,c ɛ cʰ o k h a d a
재판심리,c ɛ pʰ a n ʃ i m n i
재판하다,c ɛ pʰ a n h a d a
재회하다,c ɛː h ø h a d a c ɛː h w e h a d a
잿물,c ɛ t m u l
저,c ə
저,t͡ ɕ ʌ̹
저공비행,c ə g o ŋ b i h ɛ ŋ
저녁노을,
저녁밥,c ə ɲ ə k p a p
저렇게,c ə r ə kʰ e
저수지,c ə s u ɟ i
저장고,c ə ɟ a ŋ g o
저체온증,c ə cʰ e o n c ɨ ŋ
적시다,c ə k ʃ i d a
전기,c əː n g i
전동음,c ə n d o ŋ ɨ m
전라남도,c ə l l a n a m d o
전라북도,c ə l l a b u k d o
전래동화,c ə l l ɛ d o ŋ w a
전문,c ə n m u n
전문,c əː n m u n
전문적,c ə n m u n ɟ ə k
전방위,c ə n b a ŋ w i c ə n b a ŋ y
전산학,c ə n s a n h a k
전선,c əː n s ə n
전선,c ə n s ə n
전설,c ə n s ə l
전송하다,c ə n s o ŋ h a d a
전자계산기,c ə n c a k j e s a n g i
전자동,c ə n c a d o ŋ
전자상거래,c əː n ɟ a s a ŋ g ə r ɛ
전자정부,c əː n ɟ a ɟ ə ŋ b u
전조선,c ə n ɟ o s ə n
전차,c əː n cʰ a
절대값,c ə l d ɛ k a p
절박,c ə l b a k
절벽,ʨ ʌ̹ l b j ʌ̹ k̚
절체절명,c ə l cʰ e ɟ ə l m j ə ŋ
점선,c ə m s ə n
점심밥,c ə m ʃ i m p a p
점쟁이,c ə m ɟ ɛ ŋ i
점진적,c ə m ɟ i n ɟ ə k
점진하다,c ə m ɟ i n h a d a
접지선,c ə p ɟ i s ə n
정교하다,c ə ŋ g j o h a d a
정권,c ə ŋ g w ə n
정미량,c ə ŋ m i r j a ŋ
정미량,c əː ŋ m i r j a ŋ
정밀,c ə ŋ m i l
정반사,c ə ŋ b aː n s a
정복자,c ə ŋ b o k c a
정사각형,c ə ŋ s a g a kʰ j ə ŋ
정석,c ə ŋ s ə k
정신,c ə ŋ ʃ i n
정신,c əː ŋ ʃ i n
정신분석,c ə ŋ ʃ i n p u n s ə k
정원,c ə ŋ w ə n
정자,c əː ŋ c a
정자,c ə ŋ ɟ a
정적,c ə ŋ ɟ ə k
정적,c ə ŋ c ə k
정전,c ə ŋ ɟ ə n
정점,c ə ŋ c ə m
정정,c ə ŋ ɟ ə ŋ
정주,c əː ŋ ɟ u
정주하다,c əː ŋ ɟ u h a d a
정지,c ə ŋ ɟ i
정체,c ə ŋ cʰ e
정체성,c ə ŋ cʰ e s ə ŋ
정체하다,c ə ŋ cʰ e h a d a
정하다,c ə ŋ h a d a
정향,c ə ŋ h j a ŋ
제,c e
제곱,c e k o p
제곱근표,ɟ e g o p k ɨ n pʰ j o
제국주의자,c e g u k ɟ u ɨ j ɟ a
제도,c e d o
제도,c eː d o
제락,c e r a k
제로게임,c e r o g e i m
제비,c e b i
제비,c eː b i
제스처,c e s ɨ cʰ ə
조류학자,c o r j u h a k ɟ a
조립하다,c o r i pʰ a d a
조만장자,c o m a n ɟ a ŋ ɟ a
조선,c o s ə n
조선,c oː s ə n
조선인민공화국,c o s ə n i n m i n g o ŋ h w a g u k
조성하다,c o s ə ŋ h a d a
조센징,c o s e n ɟ i ŋ
조소하다,c o s o h a d a
조식,c oː ʃ i k
조언하다,c o ə n h a d a
조용,c o j o ŋ
조절,c o ɟ ə l
조정하다,c o ɟ ə ŋ h a d a
조지아,c o ɟ i a
조지아국,c o ɟ i a g u k
조지아어,c o ɟ i a ə
조카,c o kʰ a
족,c o k
족제비눈,c o k c e p i n u n
존경하다,c o n g j ə ŋ h a d a
존나,c o n n a
졸본,ɟ o l b o n
졸본부여,ɟ o l b o n b u j ə
좀미치다,c o m m i cʰ i d a
종,c oː ŋ
종,c o ŋ
종다리,c o ŋ d a r i
종소리,c o ŋ s o r i
종양,c o ŋ j a ŋ
종이배,c o ŋ i p ɛ
종이비행기,c o ŋ i b i h ə ŋ g i
종이학,c o ŋ i h a k
종적,c o ŋ ɟ ə k
종적,c o ŋ c ə k
종카어,c o ŋ kʰ a ə
좆,c o t
좌표,c w a pʰ j o
좌표계,c w a pʰ j o g e
좌표축,c w a pʰ j o cʰ u k
주거하다,c u g ə h a d a
주교,c u g j o
주구,c u g u
주권,c u k w ə n
주기적,c u g i ɟ ə k
주눅,c u n u k
주도적,c u d o ɟ ə k
주동사,c u d o ŋ s a
주렴,c u r j ə m
주리다,ɟ u r i d a
주바,c u b a
주사침,c u s a cʰ i m
주삿바늘,c u s a t b a n ɨ l
주어,c u ə
주의,c u ɨ j c u i
주의,c uː ɨ j c uː i
주제넘다,c u ɟ e n ə m t a
주주,c u ɟ u
주철,c u cʰ ə l
주파수,c u pʰ a s u
죽은말,c u g ɨ n m a l
죽치다,c u k cʰ i d a
준,c u
준비되다,c u nː b i d ø d a c uː n b i d w e d a
준석,c u s ə k
준왜성,c u n w ɛ s ə ŋ
준준,c u ɟ u
줄거리,c u l g ə r i
줌,c u m
줌통,c u m tʰ o ŋ
줌허리통,c u m h ə r i tʰ o ŋ
중간,c u ŋ g a n
중간,c uː ŋ g a n
중간,1 ᄋ ᅦ ᄉ ᅥ 4
중간시옷,c u ŋ g a n ʃ i o t
중단,c u ŋ d a n
중대시하다,c uː ŋ d ɛ ʃ i h a d a
중도주의,c u ŋ d o ɟ u ɨ j
중독,c u ŋ t o k
중상,c uː ŋ s a ŋ
중상,c u ŋ s a ŋ
중시하다,c uː ŋ ʃ i h a d a
중앙아시아,c u ŋ a ŋ a ʃ i a
중앙아프리카공화국,c u ŋ a ŋ a pʰ ɨ r i kʰ a g o ŋ h w a g u k
중위도고압대,c u ŋ y d o g o a p t ɛ c u ŋ w i d o g o a p t ɛ
중이병,c u ŋ i b j ə ŋ
중학년,c u ŋ h a k ɲ ə n
쥐약,c y j a k c w i j a k
쥐코밥상,c y kʰ o b a p s a ŋ c w i kʰ o b a p s a ŋ
쥐포,c w i pʰ o
즈믄,c ɨ m ɨ n
즈믄둥이,c ɨ m ɨ n d u ŋ i
증가,c ɨ ŋ g a
증가,c ɨ ŋ k a
증가하다,c ɨ ŋ k a h a d a
증가하다,c ɨ ŋ g a h a d a
증거계약,c ɨ ŋ g ə g e j a k
증기,c ɨ ŋ g i
증기선,c ɨ ŋ g i s ə n
증류,c ɨ ŋ ɲ u
증명,c ɨ ŋ m j ə ŋ
증발하다,c ɨ ŋ b a l h a d a
증손,c ɨ ŋ s o n
증손자,c ɨ ŋ s o n ɟ a
증인,c ɨ ŋ i n
증진,c ɨ ŋ ɟ i n
증진되다,c ɨ ŋ ɟ i n d w e d a c ɨ ŋ ɟ i n d ø d a
증진하다,c ɨ ŋ ɟ i n h a d a
증착,c ɨ ŋ cʰ a k
지구,c i g u
지구가까운점,c i g u g a k a u n c ə m
지균풍,c i g j u n pʰ o ŋ
지그재그,c i g ɨ z ɛ g ɨ
지급,c i g ɨ p
지력,c i r j ə k
지루,c i r u
지름신,c i r ɨ m ʃ i n
지명하다,c i m j ə ŋ h a d a
지방방송,c i b a ŋ b a ŋ s o ŋ
지상파,c i s a ŋ pʰ a
지상파방송,c i s a ŋ pʰ a p a ŋ s o ŋ
지적,c i c ə k
지중해,c i ɟ u ŋ h ɛ
지지하다,c i ɟ i h a d a
지지하천,c i c i h a t cʰ ə n
지진해일,c i ɟ i n h ɛ i l
지표면,
지프,c i pʰ ɨ
지향하다,c i h j a ŋ h a d a
직능,c i k n ɨ ŋ
직렬,c i k r j ə l
직렬연결,c i ŋ n j ə l j ə n g j ə l
직무,c i k m u
직물,c i k m u l
직사각형,c i k s a g a k h j ə k
진보라,c i n b o r a
진외가,c iː n ø g a c iː n w e g a
진작,c i n ɟ a k
진주,c i n ɟ u
진주,c iː n ɟ u
질경이,c i l g j ə ŋ i
질량,c i l r j a ŋ
짐승,c i m s ɨ ŋ
집개,c i p k ɛ
집락,c i p r a k
집배원,c i p p ɛ w ə n
집오리,c i p o r i
집파리,c i p pʰ a r i
집행하다,c i p h ɛ ŋ h a d a
집회,c i p h ø c i p h w e
집회하다,c i p h ø h a d a c i p h w e h a d a
짙어지다,c i t ə ɟ i d a
짚,c i p
짜지다,c a ɟ i d a
짝힘,c a k h i m
째다,c ɛː d a
쨈,c ɛ m
쩍다,ɟ ˈ ə k t ˈ a
쩍벌춤,c ə k p ə l cʰ u m
쪼다,c o d a
쪼다,c oː d a
쪼렙,c o r e p
쪽짭하다,c o k c a p h a d a
쯤,ʨ͈ ɯ̈ m
찌끈찌끈,c i k ˈ ɨ n c i k ˈ ɨ n
찌끈찌끈하다,c i k ˈ ɨ n c i k ˈ ɨ n h a d a
찐,c i n
찐득,c i n t ɨ k
찔광이,c i l g w a ŋ i
찔금,c i l k ɨ m
차르,cʰ a r ɨ
차림사,cʰ a r i m s a
참,cʰ a m
참,cʰ aː m
찻주전자,cʰ a t c u ɟ ə n ɟ a
창가,cʰ a ŋ k a
창가,cʰ aː ŋ g a
창가림,cʰ a ŋ g a r i m
창가림막,cʰ a ŋ g a r i m m a g
창백해지다,cʰ a ŋ b ɛ k h ɛ ɟ i d a
채,cʰ ɛ
채다,cʰ ɛ t a
책략,cʰ ɛ k r j a k
책벌레,cʰ ɛ k p ə l l e
책상,cʰ ɛ k s a ŋ
책장,cʰ ə k c a ŋ
처먹다,cʰ ə m ə k t a
처형,cʰ əː h j ə ŋ
처형,cʰ ə h j ə ŋ
천,cʰ ə n
천,cʰ əː n
천문관,cʰ ə n m u n g w a n
천문단위,cʰ ə n m u n d a n w i
천문학자,cʰ ə n m u n h a k ɟ a
천변만화,m a n h w a
천분율,cʰ ə n b u n j u l
천수국,cʰ ə n s u g u k
천연색텔레비전,cʰ ə n j ə n s ɛ k tʰ e l l e b i ɟ ə n
천째,cʰ ə n c ɛ
천체물리학,cʰ ə n cʰ e m u l l i h a k
철,cʰ ə l
철딱지,cʰ ə l t a k c i
첫인상,cʰ ə t i n s a ŋ
청,cʰ ə ŋ
청산하다,cʰ ə ŋ s a n h a d a
청소기,cʰ ə ŋ s o g i
청유문,cʰ ə ŋ j u m u n
청음,cʰ ə ŋ ɨ m
청자,cʰ ə ŋ ɟ a
청취하다,cʰ ə ŋ cʰ w i h a d a
청테이프,cʰ ə ŋ tʰ e i pʰ ɨ
체계,cʰ e g j e
체념,cʰ e ɲ ə m
체념하다,cʰ e ɲ ə m h a d a
체리,cʰ e r i
체벌,cʰ e b ə l
체벌하다,cʰ e b ə l h a d a
체육대회,cʰ e j u k t ɛ h ø cʰ e j u k t ɛ h w e
체육복,cʰ e j u k p o k
체코인,t ʃ e kʰ o i n
체포하다,cʰ e pʰ o h a d a
체하다,cʰ e h a d a
초가을,cʰ o k a ɨ l
초강대국,cʰ o g a ŋ d ɛ g u k
초겨울,cʰ o k j ə u l
초대륙,cʰ o d ɛ r y u k
초봄,cʰ o p o m
초상화,cʰ o s a ŋ h w a
초식남,cʰ o ʃ i ŋ n a m
촉음,cʰ o k ɨ m
총론,cʰ o ŋ r o n
총명,cʰ o ŋ m j ə ŋ
총명하다,cʰ o ŋ m j ə ŋ h a d a
총의,cʰ o ŋ ɨ
총회꾼,cʰ o ŋ h w e k u n cʰ o ŋ h ø k u n
최,cʰ ø cʰ w e
최저생계비,cʰ ø ɟ ə s ɛ ŋ g j e b i
추,cʰ u
추도하다,cʰ u d o h a d a
추악하다,cʰ u a kʰ a d a
추워지다,cʰ u w ə ɟ i d a
축,cʰ u k
축구화,cʰ u k k u h w a
축국,cʰ u k k u k
축하합니다,cʰ u k h a h a p n i d a
춘추시대,cʰ u n cʰ u s i d ɛ
출처,cʰ u l cʰ ə
출첵,cʰ u l cʰ ɛ k
출판,cʰ u l pʰ a n
출판물,cʰ u l pʰ a n m u l
출판하다,cʰ u l pʰ a n h a d a
출현하다,cʰ u l h j ə n h a d a
춤꾼,cʰ u m k u n
충만하다,cʰ u ŋ m a n h a d a
충실하다,cʰ u ŋ ʃ i l h a d a
췌장,cʰ w e ɟ a ŋ
취,cʰ w i
측정,cʰ ɨ k c ə ŋ
측정하다,cʰ ɨ k ɟ ə ŋ h a d a
츤데레,cʰ ɨ n d e r e
층,cʰ ɨ ŋ
치레,ʨʰ i ɾ e
치윤,cʰ i j u n
치음,cʰ i ɨ m
치킨집,cʰ i kʰ i n ɟ i p
친,cʰ i n
친할머니,cʰ i n h a l m ə n i
친할아버지,cʰ i n h a l a b ə ɟ i
친환경,cʰ i n h w a n g j ə ŋ
칠,cʰ i l
칠각형,cʰ i l g a k h j ə ŋ
칠칠맞다,cʰ i l cʰ i l m a t t a
칠포국,cʰ i l pʰ o g u k
침략적,cʰ i m r j a k c ə k
침팬지,cʰ i m pʰ a n ɟ i
칭호,cʰ i ŋ h o
카나리아,kʰ a n a r i a
카디건,kʰ a d i g ə n
카멜레온,kʰ a m e l l e o n
카밀레,kʰ a m i l l e
카자흐족,kʰ a ɟ a h ɨ ɟ o k
카차,kʰ a cʰ a
칼미크족,kʰ a l m i kʰ ɨ ɟ o k
캐러웨이,kʰ ɛ r ə w e i
캔버라,kʰ ɛ n b ə r a
캔버스,kʰ ɛ n b ə s ɨ
캬베쓰,k j a b e s ɨ
커버,kʰ ə b ə
컬러텔레비전,kʰ ə l l ə tʰ e l l e b i ɟ ə n
컴백,kʰ ə m p ɛ k
컴퍼스,kʰ ə m pʰ ə s ɨ
컵라면,kʰ ə p r a m j ə n
케이블,kʰ e i b ɨ l
케이크,kʰ e i kʰ ɨ
켜,kʰ j ə
켜다,kʰ j ə d a
코덱,kʰ o d e k
코브라,kʰ o b ɨ r a
코소보,kʰ o s o b o
코스어,kʰ o s ɨ ə
코스퍼,kʰ o s ɨ pʰ ə
코치,kʰ o cʰ i
콘서트홀,kʰ o n s ə tʰ ɨ h o l
콘센트,kʰ o n s e n tʰ ɨ
콘월인,kʰ o n w ə l i n
콘크리트,kʰ o n kʰ ɨ r i tʰ ɨ
콘택트렌즈,kʰ o n tʰ ɛ k tʰ ɨ r e n ɟ ɨ
콜라,kʰ o l l a
콜라나무,kʰ o l l a n a m u
콜레라,kʰ o l l e r a
콜센터,kʰ o l s e n tʰ ə
콜호스,kʰ o l h o s ɨ
콩가루,
크라이,kʰ ɨ r a i
크로노미터,kʰ ɨ r o n o m i tʰ ə
크로마뇽인,kʰ ɨ r o m a ɲ o ŋ i n
크로뮴,kʰ ɨ r o m j u m
크로아티아인,kʰ ɨ r o a tʰ i a i n
크리스털,kʰ ɨ r i s ɨ tʰ ə l
크림차크어,kʰ ɨ r i m cʰ a kʰ ɨ ə
크산틴,kʰ ɨ s a n tʰ i n
큰못,kʰ ɨ n m o t
큰묶음표,kʰ ɨ n m u k ɨ m pʰ j o
큰창자암,kʰ ɨ n cʰ a ŋ ɟ a a m
키시너우,cʰ i ʃ i n œ u
키시네프,kʰ i ʃ i n e pʰ ɨ
키질,kʰ i z i l
킹왕짱,kʰ i ŋ w a ŋ c a ŋ
타갈로그어,tʰ a g a l l o g ɨ ə
타격,tʰ a g j ə k
타국,tʰ a g u k
타당성,tʰ a d a ŋ s ə ŋ
타밀인,tʰ a m i l i n
타원,tʰ a w ə n
타원형,tʰ a w ə n h j ə ŋ
타자,tʰ a ɟ a
타프,tʰ a pʰ ɨ
탁구공,tʰ a k k u g o ŋ
탁월,tʰ a k w ə l
탁음,tʰ a k ɨ m
탄,tʰ a n
탄설음,tʰ a n s ə l ɨ m
탈,tʰ aː l
탈,tʰ a l
탈락,tʰ a l l a k
탈세,tʰ a l s e
탈수,tʰ a l s u
탈영자,tʰ a l j ə ŋ c a
탈주병,tʰ a l ɟ u b j ə ŋ
탐지기,tʰ a m j i g i
탑탑,tʰ a p tʰ a p
탕,tʰ a ŋ
탕수육,tʰ a ŋ s u j u k
탕탕,tʰ a ŋ tʰ a ŋ
탕탕거리다,tʰ a ŋ tʰ a ŋ g ə r i d a
태연하다,tʰ ɛ j ə n
태질,tʰ ɛ c h i l
탱고,tʰ ɛ ŋ g o
탱크,tʰ ɛ ŋ kʰ ɨ
터뜨리다,tʰ əː t ɨ r i d a
터리,tʰ ə r i
테니스,tʰ e n i s ɨ
테라스,tʰ e r a s ɨ
테스토스테론,tʰ e s ɨ tʰ o s ɨ tʰ e r o n
텔레비전게임,tʰ e l l e b i ɟ ə n g e i m
텔레비전네트워크,tʰ e l l e b i ɟ ə n n e tʰ ɨ w ə kʰ ɨ
텔레비죤방송망,tʰ e l l e b i ɟ j o n p a ŋ s o ŋ m a ŋ
템페라,tʰ e m pʰ e r a
템플릿,tʰ e m pʰ ɨ l l i t
토끼다,tʰ o k i d a
톱날,tʰ o p n a l
통구이,tʰ o ŋ k u i
통나무,tʰ o ŋ n a m u
통닭,tʰ o ŋ t a k
통아,tʰ o ŋ a
통지,tʰ o ŋ ɟ i
통치자,tʰ o ŋ cʰ i ɟ a
퇴장표,tʰ ø ɟ a ŋ pʰ j o tʰ w e ɟ a ŋ pʰ j o
투,tʰ u
투그릭,tʰ u g ɨ r i k
투덜,tʰ u d ə l
투성이,tʰ u s əː ŋ i
투자하다,tʰ u ɟ a h a d a
투항하다,tʰ u h a ŋ h a d a
튀기,tʰ y g i
트란스니스트리아,tʰ ɨ r a n s ɨ n i s ɨ tʰ ɨ r i a
트랜지스터,tʰ ɨ r ɛ n ɟ i s ɨ tʰ ə
트렌드,tʰ ɨ r e n d ɨ
트리다,tʰ ɨ r i d a
트빌리시,tʰ ɨ b i l l i s i
티,tʰ i
티라노사우루스,
티샤쓰,tʰ i ʃ a s ɨ
티타늄,tʰ i tʰ a n j u m
티푸스,tʰ i pʰ u s ɨ
팀ᄒᆞㅑㅇ,t i m h j ɒ ŋ
파라오,pʰ a r a o
파리,pʰ a r i
파리채,pʰ aː r i cʰ ɛ
파스,pʰ a s ɨ
파이데이,pʰ a i t e i
파찰음,pʰ a cʰ a l ɨ m
파파야,pʰ a pʰ a j a
판공,pʰ a n g o ŋ
판올림,pʰ a n o l l i m
팔,pʰ a l
팔꿈치,pʰ a l k u m cʰ i
팔레스타인,pʰ a l l e s ɨ tʰ a i n
팔레스타인국,pʰ a l l e s ɨ tʰ a i n g u k
팔목걸이,pʰ a l m o k k ə r i
팥,pʰ a t
패랭이,pʰ ɛ r ɛ ŋ i
패러디,pʰ ɛ r ə d i
패럴림픽,pʰ ɛ r ə l l i m pʰ i k
패블릿,pʰ ɛ p ɨ l r i s
패션,pʰ ɛ ʃ ə n
패스,pʰ ɛ s ɨ
패치,p ɛ cʰ i
팬케이크,pʰ ɛ n kʰ e i kʰ ɨ
팽,pʰ ɛ ŋ
팽팽,pʰ ɛ ŋ pʰ ɛ ŋ
퍼렇다,pʰ ə r a tʰ a
퍼밀,pʰ ə m i l
퍼스,pʰ ə s ɨ
펀하다,
펑퍼짐,pʰ ə ŋ pʰ ə ɟ i m
펑퍼짐하다,pʰ ə ŋ pʰ ə ɟ i m h a d a
페르시아,pʰ e r ɨ ʃ i a
페미돔,pʰ e m i d o m
펜,pʰ e n
펠라티오,pʰ e l l a tʰ i o
편제하다,pʰ j ə n ɟ e h a d a
편집자,pʰ j ə n ɟ i p ɟ a
평가절하,pʰ j ə ŋ k a ɟ ə r a
평각,pʰ j ə ŋ g a k
평등권,pʰ j ə ŋ d ɨ ŋ g w ə n
평등하다,pʰ j ə ŋ d ɨ ŋ h a d a
평론가,pʰ j ə ŋ n o n g a
평면,pʰ j ə ŋ m j ə n
평면도형,pʰ j ə ŋ m j ə n d o h j ə ŋ
평면형,pʰ j ə ŋ m j ə n h j ə ŋ
평상,pʰ j ə ŋ s a ŋ
평영,pʰ j ə ŋ j ə ŋ
평온하다,pʰ j ə ŋ o n h a d a
평원,pʰ j ə ŋ w ə n
평평하다,pʰ j ə ŋ pʰ j ə ŋ h a d a
평행,pʰ j ə ŋ h ɛ ŋ
평행사변형,pʰ j ə ŋ h ɛ ŋ s a p j ə n h j ə ŋ
평행육면체,pʰ j ə ŋ h ɛ ŋ j u k m j ə n cʰ e
평화적,pʰ j ə ŋ h w a ɟ ə k
평화하다,pʰ j ə ŋ h w a h a d a
폐,pʰ e
폐국,pʰ e g u k
폐제,pʰ e ɟ e
포,pʰ o
포기,pʰ oː g i
포기,pʰ o g i
포상팔국,pʰ o s a ŋ pʰ a l g u k
포장도로,pʰ o ɟ a ŋ d o r o
포태,pʰ o tʰ ɛ
폭발하다,pʰ o k p a l h a d a
폭풍해일,pʰ o k pʰ o ŋ h ɛ i l
표기,pʰ j o g i
표기하다,pʰ j o g i h a d a
표면적,pʰ j o m j ə n ɟ ə k
표본,pʰ j o b o n
표어,pʰ j o ə
표준시계,pʰ j o ɟ u n ʃ i g j e
표현법,pʰ j o h j ə n p ə p
표현주의,pʰ j o h j ə n ɟ u ɨ j
푸딩,pʰ u d i ŋ
푸른머리되새,pʰ u r ɨ n m ə r i d ø s ɛ pʰ u r ɨ n m ə r i d w e s ɛ
푸에르토리코,pʰ u e r ɨ tʰ o r i kʰ o
푹푹,pʰ u k pʰ u k
풀무,pʰ u l m u
풀치,
풋감,pʰ u t g aː m
풋고추,pʰ u t g o cʰ u
풋과실,pʰ u t s i l
풋과일,pʰ u t g w a i l
풋나물,pʰ u t n a m u l
풋마늘,pʰ u t m a n ɨ l
풋바둑,pʰ u t b a t u k
풋사과,pʰ u t s a g w a
풋사랑,pʰ u t s a r a ŋ
풋사랑하다,pʰ u t s a r a ŋ h a d a
풋살,pʰ u t s a l
풋수염,pʰ u t s u j ə m
풋장기,pʰ u t c aː ŋ g i
풋콩,pʰ u t kʰ o ŋ
풍력,pʰ u ŋ r j ə k
풍선껌,pʰ u ŋ s ə n k ə m
풍속계,pʰ u ŋ s o k g j e
풍토,pʰ u ŋ tʰ o
퓌다,pʰ w i d a
프다,pʰ ɨ d a
프랑,pʰ ɨ r a ŋ
프랑스인,pʰ ɨ r a ŋ s ɨ i n
프린터,pʰ ɨ r i n tʰ ə
플라세보,pʰ ɨ l l a s e b o
플라스크,pʰ ɨ l l a s ɨ kʰ ɨ
플러스,pʰ ɨ l r ə s ɨ
플러스극,pʰ ɨ l r ə s ɨ k ɨ k
플로프,pʰ ɨ l l o pʰ ɨ
플루오린,pʰ ɨ l l u o r i n
픠다,pʰ ɨ j d a
피검사,pʰ i k ə m s a
피구,pʰ i g u
피구공,pʰ i g u g o ŋ
피디,pʰ i t i
피라미드,pʰ i r a m i d ɨ
피리,pʰ i r i
피시방,pʰ i ʃ i p a ŋ
피트,pʰ i tʰ ɨ
피형,pʰ i h j ə ŋ
핀,pʰ i n
핀잔,pʰ i n c a n
필,pʰ i l
필라프,pʰ i l l a pʰ ɨ
필명,pʰ i l m j ə ŋ
필산,pʰ i l s a n
하게체,h a g e cʰ e
하계올림픽,h a g j e o l l i m pʰ i k
하고,
하꾸라이,h a k u r a i
하드,h a d ɨ
하루강아지,h a r u g a n g a ɟ i
하슘,h a s j u m
하십시오체,h a ʃ i p ʃ i o cʰ e
하영,h a j ə ŋ
하와이어,h a w a i ə
하외욤,h a o j j o m
하위어,h a w i ə
하의어,h a ɨ j ə
하카스어,h a kʰ a s ɨ ə
하트,h a tʰ ɨ
하픠옴,h a pʰ ɯ j o m
하회홈,h a h o j h o m
학위,h a k w i
한,h aː n
한,h a n
한가을,h a n k a ɨ l
한국방송공사,h a n g u k b a ŋ s o ŋ g o ŋ s a
한민족,h aː n m i n ɟ o k
한봄,h a n p o m
한성,h a n s ə ŋ
한식,h a n ʃ i k
한식,h aː n ʃ i k
한양,h a n y a n g
한자어,h aː n c a ə
할로겐,h a l l o g e n
함,h a m
함묵,h a m m u k
함유,h a m j u
함정,h a m ɟ ə ŋ
합기도,h a p g i d o
합류,h a p r j u
합류하다,h a p n j u h a d a
합성음,h s p s ə ŋ ɨ m
합쇼체,h a p ʃ o cʰ e
핫,h a ʃ
핫도그,h a t t o g ɨ
항,h a ŋ
항공사고,h a ŋ g o ŋ s a g o
항공우편,h a ŋ g o ŋ u pʰ j ə n
항등식,h a ŋ d ɨ ŋ ʃ i k
항복,h a ŋ b o k
항복하다,h a ŋ b o k h a d a
항하사,h a ŋ h a s a
해,h ɛː
해,h ɛ
해금,h ɛ g ɨ m
해금,h ɛː g ɨ m
해금되다,h ɛ g ɨ m d w e d a h ɛ g ɨ m d ø d a
해금하다,h ɛ g ɨ m h a d a
해답,h ɛ d a p
해라,h ɛ r a
해라체,h ɛ r a cʰ e
해라하다,h ɛ r a h a d a
해머던지기,h ɛ m ə t ə n ɟ i k i
해명하다,h ɛ m j ə ŋ h a d a
해볕,h ɛ p j ə t
해비,h ɛ b i
해산,h ɛ s a n
해산하다,h ɛ s a n h a d a
해양,h ɛ j a ŋ
해요체,h ɛ j o cʰ e
해일,h ɛ i l
해적,h ɛ ɟ ə k
해체,h ɛ cʰ e
해치다,h ɛː cʰ i d a
해커,h ɛ kʰ ə
해협,h ɛ h j ə p
햄스터,h ɛ m s ɨ tʰ ə
행,h ɛ ŋ
행글라이더,h ɛ ŋ g ɨ l l a i d ə
행복스럽다,h ɛː ŋ b o k s ɨ r e p t a
행복스레,h ɛː ŋ b o k s ɨ r e
행성,h ɛ ŋ s ə ŋ
행정관,h ɛ ŋ ɟ ə ŋ g w a n
행주,h ɛ ŋ ɟ u
행진,h ɛ ŋ ɟ i n
행진하다,h ɛ ŋ ɟ i n h a d a
향기롭다,h j a ŋ g i r o p t a
허,h ə
허락,h ə r a k
허름,h ə r ɨ m
허리춤,h ə r i cʰ u m
허브,h ə b ɨ
허수,h ə s u
허술,h ə s u l
헌법재판소,h ə n p ə p ɟ ɛ pʰ a n s o
헐,h ə l
헐다,h əː l t a
헐떡거리다,h ə l t ə k g ə r i d a
헛,h ə t
헤게모니,h e g e m o n i
헤비메탈,h e b i m e tʰ a l
헤옴티다,h e o m tʰ i d a
헤욤,h e j o m
헬멧,h e l m e t
혀바닥,h j ə p a d a k
혁명적,h j ə ŋ m j ə ŋ ɟ ə k
현대식,h j ə n d ɛ ʃ i k
현명,h j ə n m j ə ŋ
현미경,h j ə n m i g j ə ŋ
현재,h j əː n j ɛ
혈류,h j ə l l j u
혈액학,h j ə l ɛ k h a k
혈종,h j ə l c o ŋ
협의하다,h j ə p ɨ j h a d a
협조,h j ə p c o
협회,h j ə p h œ h j ə p h w e
형,h j ə ŋ
형제애,h j ə ŋ ɟ e ɛ
형태소,h j ə ŋ tʰ ɛ s o
형태학,h j ə ŋ tʰ ɛ h a k
혜윤,h j e j u n
호각,h oː g a k
호기음,h o g i ɨ m
호남아,h o n a m a
호두나무,h o d u n a m u
호들,h o t ɨ l
호들호들,h o t ɨ l h o t ɨ l
호들호들하다,h o t ɨ l h o t ɨ l h a d a
호떡,h o t ə k
호떡집,h o t ə k c i p
호래자식,h o r ɛ ɟ a ʃ i k
호루라기,h o r u r a g i
호사태랄리아,h o s a tʰ ɛ r a l r i a
호수,h oː s u
호수,h o s u
호스티스,h o s ɨ tʰ i s ɨ
호의호식,h oː ɨ j h o ʃ i k
호의호식하다,h oː ɨ j h o ʃ i kʰ a d a
호전,h o ɟ ə n
호전적,h o ɟ ə n ɟ ə k
호주,h o ɟ u
호주,h oː ɟ u
호초말,h o cʰ o m a l
호화롭다,h o h w a r o p t a
혹,h o k
혼,h o n
혼자,h o n ɟ a
혼자말,h o n ɟ a m a l
혼합하다,h o n h a p h a d a
홀,h o l
홀쭉하다,h o l c u k h a d a
홈,h o m
홍,h o ŋ
홍콩,h o ŋ kʰ o ŋ
홑,
화강석,h w a g a ŋ s ə k
화강암,h w a g a ŋ a m
화룡,h w a r j o n g
화룡,h w aː r j o n g
화면반주음악실,h w a m j ə n b a n ɟ u ɨ m m a k ʃ i l
화목,h w a m o k
화목,h w aː m o k
화목하다,h w a m o k h a d a
화산학자,h w a s a n h a k ɟ a
화석,h w a s ə k
화이트칼라,h w a i tʰ ɨ kʰ a l l a
화자,h w a ɟ a
화장비누,h w a c a n g p i n u
화장하다,h w a ɟ a ŋ h a d a
화전민,h w aː ɟ ə n m i n
화제,h w aː ɟ e
화제,h w a ɟ e
화판,h w aː pʰ a n
화폐학자,h w a pʰ j e h a k ɟ a
화풀이,h w aː pʰ u r i
화하다,h w a h a d a
화합물,h w a h a p m u l
화합하다,h w a h a p h a d a
환,h w a n
환,h w aː n
활,h w a l
활동성,h w a l t o ŋ s ə ŋ
활력,h w a l l j ə k
활발히,h w a l b a l h i
활유법,h w a r j u p ə p
활음,h w a l ɨ m
활줌통,h w a l c u m tʰ o ŋ
황금,h w a ŋ g ɨ m
황금비,h w a ŋ g ɨ m b i
황무지,h w a ŋ m u ɟ i
황야,h w a ŋ j a
황열,h w a ŋ j ə l
황옥,h w a ŋ o k
황지,h w a ŋ ɟ i
황토색,h w a ŋ tʰ o s ɛ k
황혼,h w a ŋ h o n
황후,h w a ŋ h u
횃불,h w e t b u l
회덮밥,h ø t ə p b a p h w e t ə p b a p
회사원,h w e s a w ə n h ø s a w ə n
회수하다,h ø s u h a d a h w e s u h a d a
회전력,h ø ɟ ə n n j ə k h w e ɟ ə n n j ə k
회족,h ø ɟ o k h w e ɟ o k
회중전등,h ø ɟ u ŋ c ə n d ɨ ŋ h w e ɟ u ŋ c ə n d ɨ ŋ
회합주기,h ø h a p ɟ u g i
회화,h ø h w a h w e h w a
후,h u
후,h uː
후더분,h u t ə p u n
후들,h u t ɨ l
후련,h u r j ə n
후미지다,h u m i c i d a
후이족,h u i ɟ o k
후추,h u cʰ u
후추가루,h u cʰ u g a r u
훌라후프,h u l r a h u pʰ ɨ
훌륭,h j u l l j u ŋ
휘파람,h w i pʰ a r a m
휴지,h j u c i
흉,ç j u ŋ
흉터,h j u ŋ tʰ ə
흐릿,x ɯ̈ ɾ i t̚
흑,h ɨ k
흑백텔레비전,h ɨ k p ɛ k tʰ e l l e b i ɟ ə n
흑옥,h ɨ k o k
흔,h ɨ n
흡기음,h ɨ p k i ɨ m
흡착음,h ɨ p cʰ a k ɨ m
흥,h ɨ ŋ
흥겹다,h ɨ ŋ k j ə p t a
흥분,h ɨ ŋ b u n
흥분하다,h ɨ ŋ b u n h a d a
흥얼,h ɨ ŋ ə l
흥청,h ɨ ŋ cʰ ə ŋ
희가스,h ɨ j g a s ɨ
희극인,h ɨ k ɨ k i n
희롱꾼,h ɨ j r o ŋ k u n
희말쑥,h ɨ m a l s u k
희말쑥하다,h ɨ m a l s u k h a d a
희아리,h i a r i h ɨ j a r i
흰둥이,h i n t u ŋ i
흰죽,h ɨ j n ɟ u k
히,h i
히,h iː
히스테리,h i s ɨ t o r i
히스파니아,h i s ɨ pʰ a n i a
히스패닉,h i s ɨ pʰ ɛ n i k
히잡,h i ɟ a p
히트,h i tʰ ɨ
힌트,h i n tʰ ɨ
힘줄,h i m c u l
힙합,h i p h a p
